record_date,item_code,quantity,customer
2023-01-04,SAMPLE-A,12,CUST-02
2023-01-05,SAMPLE-A,10,CUST-01
2023-01-05,SAMPLE-B,28,CUST-08
2023-01-05,SAMPLE-B,11,CUST-08
2023-01-05,SAMPLE-B,20,CUST-01
2023-01-06,SAMPLE-A,7,CUST-01
2023-01-06,SAMPLE-B,6,CUST-05
2023-01-06,SAMPLE-B,16,CUST-01
2023-01-06,SAMPLE-B,29,CUST-07
2023-01-10,SAMPLE-A,4,CUST-08
2023-01-10,SAMPLE-B,14,CUST-02
2023-01-10,SAMPLE-B,30,CUST-08
2023-01-10,SAMPLE-B,26,CUST-03
2023-01-10,SAMPLE-B,13,CUST-03
2023-01-11,SAMPLE-B,13,CUST-02
2023-01-11,SAMPLE-B,9,CUST-07
2023-01-12,SAMPLE-A,4,CUST-03
2023-01-12,SAMPLE-B,26,CUST-03
2023-01-12,SAMPLE-B,15,CUST-02
2023-01-12,SAMPLE-B,29,CUST-03
2023-01-13,SAMPLE-A,7,CUST-05
2023-01-13,SAMPLE-A,5,CUST-07
2023-01-13,SAMPLE-B,24,CUST-05
2023-01-16,SAMPLE-A,7,CUST-05
2023-01-16,SAMPLE-B,22,CUST-04
2023-01-16,SAMPLE-B,24,CUST-05
2023-01-17,SAMPLE-B,17,CUST-06
2023-01-17,SAMPLE-B,29,CUST-02
2023-01-18,SAMPLE-A,4,CUST-04
2023-01-18,SAMPLE-A,10,CUST-05
2023-01-18,SAMPLE-B,6,CUST-07
2023-01-18,SAMPLE-B,27,CUST-01
2023-01-18,SAMPLE-B,27,CUST-01
2023-01-18,SAMPLE-B,11,CUST-02
2023-01-18,SAMPLE-C,3,CUST-01
2023-01-19,SAMPLE-B,25,CUST-05
2023-01-19,SAMPLE-B,12,CUST-07
2023-01-20,SAMPLE-A,6,CUST-06
2023-01-20,SAMPLE-B,12,CUST-05
2023-01-20,SAMPLE-B,29,CUST-05
2023-01-23,SAMPLE-A,12,CUST-06
2023-01-23,SAMPLE-B,26,CUST-08
2023-01-23,SAMPLE-B,30,CUST-01
2023-01-23,SAMPLE-B,13,CUST-04
2023-01-24,SAMPLE-A,4,CUST-02
2023-01-24,SAMPLE-B,25,CUST-03
2023-01-25,SAMPLE-A,3,CUST-01
2023-01-25,SAMPLE-B,21,CUST-07
2023-01-25,SAMPLE-B,8,CUST-04
2023-01-26,SAMPLE-B,30,CUST-08
2023-01-26,SAMPLE-B,5,CUST-06
2023-01-26,SAMPLE-B,26,CUST-02
2023-01-26,SAMPLE-B,15,CUST-05
2023-01-26,SAMPLE-B,30,CUST-08
2023-01-27,SAMPLE-A,11,CUST-07
2023-01-27,SAMPLE-B,24,CUST-06
2023-01-27,SAMPLE-B,29,CUST-01
2023-01-30,SAMPLE-B,22,CUST-06
2023-01-30,SAMPLE-B,22,CUST-01
2023-01-31,SAMPLE-B,14,CUST-01
2023-01-31,SAMPLE-B,6,CUST-04
2023-01-31,SAMPLE-B,24,CUST-05
2023-02-01,SAMPLE-A,5,CUST-06
2023-02-02,SAMPLE-A,10,CUST-05
2023-02-02,SAMPLE-A,12,CUST-07
2023-02-02,SAMPLE-B,18,CUST-08
2023-02-02,SAMPLE-C,2,CUST-04
2023-02-03,SAMPLE-B,18,CUST-05
2023-02-03,SAMPLE-B,27,CUST-04
2023-02-06,SAMPLE-A,10,CUST-05
2023-02-06,SAMPLE-A,12,CUST-01
2023-02-06,SAMPLE-A,9,CUST-07
2023-02-07,SAMPLE-B,13,CUST-03
2023-02-08,SAMPLE-A,4,CUST-08
2023-02-08,SAMPLE-A,12,CUST-02
2023-02-08,SAMPLE-A,7,CUST-04
2023-02-08,SAMPLE-B,5,CUST-01
2023-02-09,SAMPLE-A,4,CUST-05
2023-02-09,SAMPLE-B,11,CUST-01
2023-02-09,SAMPLE-B,27,CUST-08
2023-02-09,SAMPLE-B,9,CUST-02
2023-02-09,SAMPLE-B,18,CUST-02
2023-02-10,SAMPLE-A,9,CUST-08
2023-02-10,SAMPLE-A,11,CUST-05
2023-02-10,SAMPLE-B,23,CUST-04
2023-02-10,SAMPLE-C,3,CUST-02
2023-02-13,SAMPLE-B,6,CUST-08
2023-02-13,SAMPLE-B,15,CUST-06
2023-02-13,SAMPLE-B,19,CUST-05
2023-02-13,SAMPLE-C,3,CUST-01
2023-02-14,SAMPLE-B,30,CUST-07
2023-02-14,SAMPLE-B,20,CUST-02
2023-02-14,SAMPLE-B,22,CUST-05
2023-02-14,SAMPLE-C,3,CUST-03
2023-02-15,SAMPLE-A,10,CUST-06
2023-02-15,SAMPLE-B,20,CUST-06
2023-02-15,SAMPLE-C,3,CUST-04
2023-02-16,SAMPLE-B,13,CUST-07
2023-02-16,SAMPLE-B,25,CUST-01
2023-02-16,SAMPLE-B,8,CUST-06
2023-02-16,SAMPLE-B,11,CUST-08
2023-02-16,SAMPLE-B,19,CUST-05
2023-02-16,SAMPLE-B,28,CUST-04
2023-02-16,SAMPLE-B,21,CUST-08
2023-02-17,SAMPLE-A,4,CUST-04
2023-02-17,SAMPLE-B,6,CUST-04
2023-02-17,SAMPLE-B,17,CUST-07
2023-02-17,SAMPLE-B,18,CUST-07
2023-02-20,SAMPLE-A,5,CUST-06
2023-02-20,SAMPLE-A,3,CUST-05
2023-02-20,SAMPLE-B,6,CUST-04
2023-02-21,SAMPLE-B,24,CUST-06
2023-02-21,SAMPLE-B,5,CUST-01
2023-02-21,SAMPLE-B,5,CUST-06
2023-02-21,SAMPLE-B,6,CUST-04
2023-02-22,SAMPLE-A,7,CUST-05
2023-02-22,SAMPLE-A,12,CUST-08
2023-02-22,SAMPLE-B,13,CUST-07
2023-02-22,SAMPLE-B,28,CUST-05
2023-02-22,SAMPLE-C,3,CUST-04
2023-02-23,SAMPLE-B,11,CUST-06
2023-02-23,SAMPLE-B,23,CUST-04
2023-02-23,SAMPLE-C,4,CUST-04
2023-02-24,SAMPLE-B,15,CUST-06
2023-02-24,SAMPLE-B,13,CUST-07
2023-02-24,SAMPLE-B,28,CUST-04
2023-02-24,SAMPLE-B,22,CUST-03
2023-02-24,SAMPLE-B,6,CUST-02
2023-02-24,SAMPLE-B,9,CUST-03
2023-02-24,SAMPLE-C,3,CUST-04
2023-02-27,SAMPLE-A,5,CUST-03
2023-02-27,SAMPLE-C,4,CUST-02
2023-02-28,SAMPLE-A,10,CUST-05
2023-02-28,SAMPLE-B,22,CUST-03
2023-02-28,SAMPLE-B,24,CUST-07
2023-02-28,SAMPLE-B,18,CUST-03
2023-03-01,SAMPLE-B,26,CUST-01
2023-03-02,SAMPLE-A,10,CUST-06
2023-03-02,SAMPLE-A,7,CUST-05
2023-03-02,SAMPLE-B,25,CUST-07
2023-03-03,SAMPLE-B,6,CUST-08
2023-03-03,SAMPLE-B,18,CUST-01
2023-03-03,SAMPLE-B,22,CUST-07
2023-03-03,SAMPLE-B,21,CUST-07
2023-03-03,SAMPLE-B,10,CUST-04
2023-03-03,SAMPLE-B,30,CUST-04
2023-03-03,SAMPLE-B,22,CUST-05
2023-03-03,SAMPLE-C,3,CUST-01
2023-03-06,SAMPLE-A,12,CUST-08
2023-03-06,SAMPLE-A,12,CUST-05
2023-03-06,SAMPLE-A,12,CUST-07
2023-03-06,SAMPLE-B,22,CUST-05
2023-03-06,SAMPLE-B,22,CUST-01
2023-03-06,SAMPLE-B,26,CUST-03
2023-03-06,SAMPLE-B,12,CUST-05
2023-03-06,SAMPLE-B,21,CUST-04
2023-03-06,SAMPLE-C,2,CUST-02
2023-03-07,SAMPLE-A,6,CUST-01
2023-03-07,SAMPLE-A,5,CUST-04
2023-03-07,SAMPLE-A,6,CUST-05
2023-03-07,SAMPLE-A,10,CUST-04
2023-03-07,SAMPLE-B,19,CUST-07
2023-03-07,SAMPLE-B,24,CUST-05
2023-03-07,SAMPLE-B,20,CUST-08
2023-03-07,SAMPLE-B,25,CUST-01
2023-03-08,SAMPLE-A,12,CUST-03
2023-03-08,SAMPLE-A,7,CUST-06
2023-03-08,SAMPLE-C,4,CUST-04
2023-03-09,SAMPLE-B,12,CUST-08
2023-03-09,SAMPLE-B,25,CUST-05
2023-03-10,SAMPLE-A,3,CUST-06
2023-03-10,SAMPLE-B,29,CUST-01
2023-03-10,SAMPLE-B,29,CUST-05
2023-03-13,SAMPLE-B,9,CUST-01
2023-03-13,SAMPLE-B,18,CUST-07
2023-03-13,SAMPLE-B,30,CUST-02
2023-03-13,SAMPLE-B,14,CUST-04
2023-03-14,SAMPLE-A,12,CUST-06
2023-03-14,SAMPLE-A,4,CUST-06
2023-03-14,SAMPLE-B,16,CUST-06
2023-03-14,SAMPLE-B,29,CUST-04
2023-03-15,SAMPLE-B,7,CUST-03
2023-03-15,SAMPLE-B,18,CUST-02
2023-03-15,SAMPLE-B,20,CUST-03
2023-03-15,SAMPLE-B,21,CUST-07
2023-03-15,SAMPLE-B,25,CUST-05
2023-03-15,SAMPLE-B,14,CUST-02
2023-03-15,SAMPLE-B,22,CUST-05
2023-03-16,SAMPLE-A,3,CUST-03
2023-03-16,SAMPLE-A,11,CUST-01
2023-03-16,SAMPLE-A,12,CUST-05
2023-03-16,SAMPLE-B,14,CUST-01
2023-03-16,SAMPLE-B,8,CUST-01
2023-03-16,SAMPLE-B,18,CUST-03
2023-03-16,SAMPLE-B,29,CUST-06
2023-03-17,SAMPLE-A,12,CUST-07
2023-03-17,SAMPLE-A,7,CUST-07
2023-03-17,SAMPLE-A,7,CUST-05
2023-03-17,SAMPLE-A,12,CUST-02
2023-03-17,SAMPLE-B,12,CUST-02
2023-03-20,SAMPLE-A,4,CUST-06
2023-03-20,SAMPLE-B,7,CUST-04
2023-03-20,SAMPLE-B,24,CUST-03
2023-03-20,SAMPLE-B,5,CUST-02
2023-03-21,SAMPLE-B,8,CUST-01
2023-03-21,SAMPLE-B,22,CUST-07
2023-03-21,SAMPLE-B,12,CUST-02
2023-03-21,SAMPLE-C,3,CUST-04
2023-03-21,SAMPLE-C,1,CUST-01
2023-03-22,SAMPLE-A,11,CUST-05
2023-03-22,SAMPLE-B,25,CUST-06
2023-03-22,SAMPLE-B,11,CUST-05
2023-03-22,SAMPLE-B,26,CUST-06
2023-03-22,SAMPLE-B,16,CUST-01
2023-03-22,SAMPLE-B,29,CUST-04
2023-03-22,SAMPLE-B,13,CUST-06
2023-03-23,SAMPLE-A,9,CUST-06
2023-03-23,SAMPLE-B,6,CUST-03
2023-03-23,SAMPLE-B,10,CUST-01
2023-03-24,SAMPLE-A,12,CUST-01
2023-03-24,SAMPLE-A,7,CUST-08
2023-03-24,SAMPLE-A,3,CUST-07
2023-03-24,SAMPLE-A,12,CUST-01
2023-03-24,SAMPLE-A,8,CUST-02
2023-03-24,SAMPLE-A,5,CUST-01
2023-03-24,SAMPLE-B,28,CUST-07
2023-03-27,SAMPLE-B,23,CUST-06
2023-03-27,SAMPLE-B,14,CUST-02
2023-03-27,SAMPLE-C,3,CUST-01
2023-03-28,SAMPLE-A,5,CUST-06
2023-03-28,SAMPLE-A,3,CUST-04
2023-03-28,SAMPLE-B,15,CUST-08
2023-03-28,SAMPLE-B,6,CUST-08
2023-03-28,SAMPLE-B,9,CUST-02
2023-03-28,SAMPLE-B,9,CUST-08
2023-03-28,SAMPLE-B,25,CUST-06
2023-03-28,SAMPLE-B,26,CUST-02
2023-03-29,SAMPLE-A,7,CUST-05
2023-03-29,SAMPLE-B,29,CUST-01
2023-03-29,SAMPLE-B,23,CUST-07
2023-03-30,SAMPLE-B,21,CUST-07
2023-03-30,SAMPLE-B,25,CUST-04
2023-03-30,SAMPLE-B,18,CUST-01
2023-03-30,SAMPLE-B,11,CUST-08
2023-03-31,SAMPLE-A,8,CUST-02
2023-03-31,SAMPLE-B,21,CUST-05
2023-03-31,SAMPLE-B,10,CUST-04
2023-04-03,SAMPLE-B,25,CUST-02
2023-04-03,SAMPLE-B,12,CUST-06
2023-04-03,SAMPLE-C,2,CUST-02
2023-04-04,SAMPLE-A,3,CUST-08
2023-04-04,SAMPLE-B,25,CUST-07
2023-04-04,SAMPLE-B,26,CUST-02
2023-04-04,SAMPLE-B,25,CUST-05
2023-04-05,SAMPLE-B,5,CUST-07
2023-04-05,SAMPLE-B,14,CUST-07
2023-04-05,SAMPLE-B,19,CUST-01
2023-04-06,SAMPLE-B,27,CUST-07
2023-04-06,SAMPLE-B,7,CUST-05
2023-04-06,SAMPLE-B,26,CUST-03
2023-04-06,SAMPLE-B,14,CUST-07
2023-04-06,SAMPLE-B,23,CUST-06
2023-04-06,SAMPLE-B,11,CUST-02
2023-04-06,SAMPLE-B,27,CUST-01
2023-04-06,SAMPLE-B,11,CUST-03
2023-04-06,SAMPLE-B,5,CUST-06
2023-04-07,SAMPLE-A,3,CUST-01
2023-04-07,SAMPLE-A,7,CUST-07
2023-04-07,SAMPLE-B,11,CUST-03
2023-04-07,SAMPLE-B,23,CUST-07
2023-04-07,SAMPLE-C,4,CUST-01
2023-04-10,SAMPLE-A,7,CUST-06
2023-04-10,SAMPLE-B,14,CUST-05
2023-04-10,SAMPLE-B,29,CUST-02
2023-04-10,SAMPLE-B,26,CUST-08
2023-04-11,SAMPLE-A,8,CUST-02
2023-04-11,SAMPLE-B,14,CUST-08
2023-04-11,SAMPLE-B,13,CUST-06
2023-04-12,SAMPLE-A,7,CUST-02
2023-04-12,SAMPLE-B,6,CUST-07
2023-04-13,SAMPLE-A,9,CUST-02
2023-04-13,SAMPLE-B,13,CUST-06
2023-04-13,SAMPLE-B,18,CUST-04
2023-04-13,SAMPLE-B,17,CUST-07
2023-04-13,SAMPLE-B,27,CUST-05
2023-04-13,SAMPLE-B,6,CUST-07
2023-04-13,SAMPLE-C,3,CUST-04
2023-04-14,SAMPLE-B,15,CUST-06
2023-04-14,SAMPLE-B,26,CUST-02
2023-04-14,SAMPLE-B,13,CUST-07
2023-04-17,SAMPLE-B,26,CUST-08
2023-04-17,SAMPLE-B,10,CUST-05
2023-04-17,SAMPLE-B,29,CUST-03
2023-04-17,SAMPLE-B,27,CUST-08
2023-04-18,SAMPLE-A,9,CUST-01
2023-04-18,SAMPLE-B,22,CUST-04
2023-04-18,SAMPLE-B,27,CUST-02
2023-04-19,SAMPLE-A,3,CUST-03
2023-04-19,SAMPLE-A,7,CUST-01
2023-04-19,SAMPLE-A,11,CUST-03
2023-04-19,SAMPLE-B,6,CUST-07
2023-04-19,SAMPLE-C,2,CUST-04
2023-04-20,SAMPLE-A,6,CUST-06
2023-04-20,SAMPLE-B,7,CUST-03
2023-04-20,SAMPLE-B,22,CUST-07
2023-04-20,SAMPLE-B,19,CUST-07
2023-04-21,SAMPLE-B,25,CUST-05
2023-04-21,SAMPLE-B,28,CUST-08
2023-04-24,SAMPLE-B,16,CUST-02
2023-04-24,SAMPLE-B,29,CUST-04
2023-04-24,SAMPLE-B,12,CUST-07
2023-04-24,SAMPLE-B,5,CUST-08
2023-04-25,SAMPLE-B,25,CUST-06
2023-04-25,SAMPLE-B,8,CUST-07
2023-04-26,SAMPLE-A,12,CUST-04
2023-04-26,SAMPLE-A,4,CUST-04
2023-04-26,SAMPLE-B,7,CUST-05
2023-04-26,SAMPLE-B,30,CUST-04
2023-04-26,SAMPLE-B,13,CUST-06
2023-04-27,SAMPLE-A,4,CUST-01
2023-04-27,SAMPLE-A,11,CUST-01
2023-04-27,SAMPLE-A,9,CUST-06
2023-04-27,SAMPLE-B,8,CUST-06
2023-05-01,SAMPLE-A,8,CUST-03
2023-05-01,SAMPLE-B,6,CUST-05
2023-05-03,SAMPLE-A,3,CUST-04
2023-05-03,SAMPLE-B,8,CUST-02
2023-05-03,SAMPLE-B,17,CUST-05
2023-05-03,SAMPLE-B,21,CUST-07
2023-05-03,SAMPLE-B,25,CUST-08
2023-05-03,SAMPLE-B,9,CUST-06
2023-05-04,SAMPLE-A,5,CUST-04
2023-05-04,SAMPLE-A,12,CUST-04
2023-05-04,SAMPLE-B,14,CUST-06
2023-05-04,SAMPLE-B,11,CUST-07
2023-05-04,SAMPLE-B,6,CUST-06
2023-05-04,SAMPLE-C,3,CUST-02
2023-05-04,SAMPLE-C,2,CUST-01
2023-05-04,SAMPLE-C,4,CUST-02
2023-05-05,SAMPLE-B,21,CUST-08
2023-05-05,SAMPLE-B,27,CUST-02
2023-05-05,SAMPLE-C,4,CUST-02
2023-05-08,SAMPLE-A,11,CUST-06
2023-05-08,SAMPLE-B,17,CUST-03
2023-05-08,SAMPLE-B,19,CUST-01
2023-05-08,SAMPLE-B,25,CUST-01
2023-05-08,SAMPLE-B,25,CUST-02
2023-05-08,SAMPLE-B,28,CUST-07
2023-05-09,SAMPLE-A,10,CUST-05
2023-05-09,SAMPLE-B,8,CUST-04
2023-05-09,SAMPLE-B,22,CUST-03
2023-05-09,SAMPLE-B,12,CUST-07
2023-05-09,SAMPLE-B,7,CUST-01
2023-05-10,SAMPLE-B,29,CUST-01
2023-05-10,SAMPLE-B,11,CUST-05
2023-05-11,SAMPLE-A,4,CUST-04
2023-05-11,SAMPLE-A,7,CUST-05
2023-05-11,SAMPLE-B,6,CUST-06
2023-05-11,SAMPLE-B,27,CUST-06
2023-05-12,SAMPLE-A,9,CUST-08
2023-05-12,SAMPLE-B,12,CUST-04
2023-05-12,SAMPLE-B,24,CUST-02
2023-05-15,SAMPLE-A,10,CUST-03
2023-05-15,SAMPLE-B,15,CUST-03
2023-05-15,SAMPLE-B,30,CUST-04
2023-05-15,SAMPLE-B,25,CUST-07
2023-05-15,SAMPLE-B,21,CUST-02
2023-05-15,SAMPLE-B,7,CUST-07
2023-05-15,SAMPLE-B,28,CUST-08
2023-05-15,SAMPLE-B,26,CUST-05
2023-05-15,SAMPLE-B,17,CUST-03
2023-05-16,SAMPLE-B,28,CUST-07
2023-05-16,SAMPLE-B,22,CUST-02
2023-05-17,SAMPLE-A,11,CUST-03
2023-05-17,SAMPLE-A,8,CUST-02
2023-05-17,SAMPLE-B,15,CUST-05
2023-05-17,SAMPLE-B,22,CUST-07
2023-05-17,SAMPLE-B,23,CUST-08
2023-05-17,SAMPLE-B,29,CUST-07
2023-05-18,SAMPLE-A,3,CUST-03
2023-05-18,SAMPLE-B,24,CUST-07
2023-05-19,SAMPLE-B,26,CUST-06
2023-05-19,SAMPLE-B,5,CUST-08
2023-05-19,SAMPLE-B,24,CUST-05
2023-05-22,SAMPLE-A,3,CUST-08
2023-05-22,SAMPLE-B,26,CUST-06
2023-05-22,SAMPLE-B,14,CUST-02
2023-05-23,SAMPLE-B,7,CUST-08
2023-05-23,SAMPLE-B,20,CUST-01
2023-05-23,SAMPLE-B,16,CUST-05
2023-05-24,SAMPLE-A,7,CUST-01
2023-05-24,SAMPLE-B,10,CUST-01
2023-05-25,SAMPLE-A,7,CUST-02
2023-05-25,SAMPLE-A,4,CUST-06
2023-05-25,SAMPLE-A,12,CUST-03
2023-05-25,SAMPLE-B,20,CUST-03
2023-05-25,SAMPLE-B,6,CUST-07
2023-05-25,SAMPLE-B,18,CUST-02
2023-05-25,SAMPLE-B,26,CUST-02
2023-05-25,SAMPLE-B,30,CUST-03
2023-05-26,SAMPLE-B,11,CUST-07
2023-05-29,SAMPLE-A,10,CUST-03
2023-05-29,SAMPLE-A,12,CUST-04
2023-05-29,SAMPLE-A,4,CUST-07
2023-05-29,SAMPLE-B,13,CUST-01
2023-05-29,SAMPLE-B,10,CUST-08
2023-05-30,SAMPLE-B,18,CUST-05
2023-05-30,SAMPLE-C,1,CUST-02
2023-05-31,SAMPLE-A,4,CUST-03
2023-05-31,SAMPLE-B,16,CUST-02
2023-05-31,SAMPLE-B,18,CUST-05
2023-05-31,SAMPLE-B,24,CUST-01
2023-06-01,SAMPLE-B,17,CUST-07
2023-06-02,SAMPLE-A,9,CUST-04
2023-06-02,SAMPLE-B,12,CUST-08
2023-06-05,SAMPLE-B,25,CUST-03
2023-06-05,SAMPLE-C,1,CUST-04
2023-06-06,SAMPLE-B,9,CUST-01
2023-06-06,SAMPLE-B,7,CUST-05
2023-06-06,SAMPLE-C,1,CUST-04
2023-06-07,SAMPLE-A,8,CUST-01
2023-06-07,SAMPLE-A,6,CUST-07
2023-06-07,SAMPLE-A,3,CUST-03
2023-06-07,SAMPLE-B,30,CUST-05
2023-06-07,SAMPLE-B,13,CUST-07
2023-06-07,SAMPLE-B,15,CUST-05
2023-06-07,SAMPLE-B,9,CUST-03
2023-06-08,SAMPLE-A,12,CUST-07
2023-06-08,SAMPLE-A,7,CUST-06
2023-06-08,SAMPLE-A,5,CUST-04
2023-06-08,SAMPLE-B,17,CUST-01
2023-06-08,SAMPLE-B,23,CUST-06
2023-06-09,SAMPLE-A,12,CUST-06
2023-06-09,SAMPLE-A,3,CUST-06
2023-06-09,SAMPLE-B,7,CUST-05
2023-06-09,SAMPLE-B,17,CUST-01
2023-06-09,SAMPLE-B,23,CUST-03
2023-06-09,SAMPLE-B,5,CUST-05
2023-06-12,SAMPLE-B,7,CUST-03
2023-06-12,SAMPLE-B,16,CUST-01
2023-06-13,SAMPLE-A,6,CUST-03
2023-06-13,SAMPLE-B,12,CUST-04
2023-06-14,SAMPLE-A,10,CUST-02
2023-06-14,SAMPLE-B,23,CUST-06
2023-06-15,SAMPLE-A,6,CUST-04
2023-06-15,SAMPLE-A,5,CUST-07
2023-06-15,SAMPLE-A,9,CUST-02
2023-06-15,SAMPLE-B,16,CUST-03
2023-06-15,SAMPLE-B,19,CUST-01
2023-06-15,SAMPLE-B,7,CUST-04
2023-06-15,SAMPLE-B,29,CUST-02
2023-06-16,SAMPLE-B,27,CUST-04
2023-06-16,SAMPLE-B,11,CUST-02
2023-06-19,SAMPLE-B,12,CUST-06
2023-06-19,SAMPLE-B,6,CUST-05
2023-06-19,SAMPLE-B,25,CUST-07
2023-06-20,SAMPLE-A,10,CUST-06
2023-06-20,SAMPLE-B,11,CUST-01
2023-06-20,SAMPLE-B,18,CUST-04
2023-06-20,SAMPLE-B,30,CUST-03
2023-06-20,SAMPLE-B,13,CUST-03
2023-06-20,SAMPLE-B,6,CUST-05
2023-06-20,SAMPLE-B,12,CUST-08
2023-06-20,SAMPLE-C,2,CUST-01
2023-06-20,SAMPLE-C,4,CUST-01
2023-06-22,SAMPLE-A,6,CUST-04
2023-06-23,SAMPLE-A,9,CUST-07
2023-06-23,SAMPLE-B,21,CUST-07
2023-06-23,SAMPLE-B,10,CUST-03
2023-06-23,SAMPLE-C,2,CUST-02
2023-06-26,SAMPLE-B,9,CUST-08
2023-06-26,SAMPLE-B,21,CUST-07
2023-06-26,SAMPLE-B,27,CUST-02
2023-06-26,SAMPLE-C,4,CUST-03
2023-06-27,SAMPLE-B,15,CUST-01
2023-06-27,SAMPLE-B,21,CUST-05
2023-06-27,SAMPLE-B,7,CUST-07
2023-06-27,SAMPLE-B,28,CUST-02
2023-06-27,SAMPLE-C,1,CUST-04
2023-06-28,SAMPLE-A,5,CUST-05
2023-06-28,SAMPLE-A,7,CUST-04
2023-06-28,SAMPLE-B,24,CUST-03
2023-06-28,SAMPLE-B,28,CUST-02
2023-06-28,SAMPLE-C,4,CUST-04
2023-06-28,SAMPLE-C,1,CUST-02
2023-06-29,SAMPLE-B,21,CUST-06
2023-06-29,SAMPLE-B,30,CUST-04
2023-06-29,SAMPLE-B,11,CUST-07
2023-06-29,SAMPLE-C,2,CUST-04
2023-06-30,SAMPLE-A,6,CUST-07
2023-06-30,SAMPLE-A,3,CUST-07
2023-06-30,SAMPLE-A,6,CUST-08
2023-06-30,SAMPLE-B,9,CUST-07
2023-07-03,SAMPLE-B,22,CUST-08
2023-07-03,SAMPLE-B,30,CUST-08
2023-07-04,SAMPLE-A,7,CUST-01
2023-07-04,SAMPLE-A,6,CUST-08
2023-07-04,SAMPLE-B,15,CUST-01
2023-07-05,SAMPLE-B,24,CUST-01
2023-07-05,SAMPLE-B,30,CUST-02
2023-07-05,SAMPLE-B,7,CUST-02
2023-07-05,SAMPLE-C,4,CUST-01
2023-07-06,SAMPLE-B,25,CUST-07
2023-07-06,SAMPLE-B,16,CUST-02
2023-07-06,SAMPLE-C,3,CUST-04
2023-07-07,SAMPLE-A,7,CUST-06
2023-07-07,SAMPLE-A,3,CUST-06
2023-07-07,SAMPLE-B,23,CUST-03
2023-07-07,SAMPLE-B,30,CUST-06
2023-07-07,SAMPLE-B,29,CUST-08
2023-07-07,SAMPLE-B,9,CUST-06
2023-07-10,SAMPLE-B,18,CUST-04
2023-07-10,SAMPLE-B,21,CUST-05
2023-07-10,SAMPLE-B,9,CUST-04
2023-07-12,SAMPLE-A,8,CUST-05
2023-07-12,SAMPLE-A,3,CUST-01
2023-07-13,SAMPLE-A,3,CUST-01
2023-07-13,SAMPLE-A,8,CUST-02
2023-07-13,SAMPLE-C,1,CUST-01
2023-07-13,SAMPLE-C,1,CUST-04
2023-07-13,SAMPLE-C,3,CUST-01
2023-07-14,SAMPLE-B,27,CUST-06
2023-07-14,SAMPLE-B,20,CUST-07
2023-07-14,SAMPLE-B,24,CUST-04
2023-07-17,SAMPLE-B,14,CUST-08
2023-07-17,SAMPLE-B,10,CUST-04
2023-07-18,SAMPLE-A,12,CUST-03
2023-07-18,SAMPLE-A,11,CUST-03
2023-07-18,SAMPLE-B,10,CUST-06
2023-07-18,SAMPLE-B,19,CUST-05
2023-07-19,SAMPLE-B,10,CUST-04
2023-07-19,SAMPLE-B,16,CUST-08
2023-07-19,SAMPLE-B,28,CUST-03
2023-07-19,SAMPLE-B,22,CUST-08
2023-07-19,SAMPLE-B,13,CUST-01
2023-07-19,SAMPLE-B,30,CUST-08
2023-07-19,SAMPLE-B,20,CUST-04
2023-07-19,SAMPLE-B,15,CUST-03
2023-07-19,SAMPLE-C,1,CUST-04
2023-07-20,SAMPLE-A,11,CUST-06
2023-07-20,SAMPLE-B,7,CUST-07
2023-07-20,SAMPLE-B,24,CUST-01
2023-07-21,SAMPLE-A,12,CUST-06
2023-07-21,SAMPLE-A,11,CUST-06
2023-07-21,SAMPLE-B,25,CUST-04
2023-07-21,SAMPLE-B,9,CUST-04
2023-07-24,SAMPLE-A,4,CUST-06
2023-07-24,SAMPLE-A,4,CUST-02
2023-07-24,SAMPLE-B,8,CUST-01
2023-07-24,SAMPLE-B,22,CUST-05
2023-07-24,SAMPLE-B,13,CUST-02
2023-07-24,SAMPLE-B,5,CUST-02
2023-07-24,SAMPLE-B,5,CUST-05
2023-07-25,SAMPLE-A,6,CUST-08
2023-07-25,SAMPLE-B,14,CUST-03
2023-07-25,SAMPLE-C,4,CUST-04
2023-07-26,SAMPLE-A,4,CUST-01
2023-07-26,SAMPLE-A,10,CUST-08
2023-07-26,SAMPLE-B,5,CUST-04
2023-07-27,SAMPLE-B,27,CUST-07
2023-07-27,SAMPLE-C,4,CUST-03
2023-07-28,SAMPLE-A,12,CUST-06
2023-07-28,SAMPLE-B,9,CUST-06
2023-07-28,SAMPLE-B,14,CUST-02
2023-07-28,SAMPLE-C,4,CUST-02
2023-07-31,SAMPLE-A,5,CUST-06
2023-07-31,SAMPLE-A,6,CUST-02
2023-07-31,SAMPLE-B,8,CUST-03
2023-07-31,SAMPLE-B,23,CUST-03
2023-07-31,SAMPLE-B,6,CUST-05
2023-07-31,SAMPLE-B,14,CUST-06
2023-08-01,SAMPLE-C,3,CUST-01
2023-08-02,SAMPLE-A,3,CUST-04
2023-08-02,SAMPLE-A,3,CUST-01
2023-08-02,SAMPLE-B,25,CUST-07
2023-08-02,SAMPLE-B,15,CUST-02
2023-08-03,SAMPLE-B,24,CUST-06
2023-08-03,SAMPLE-B,8,CUST-02
2023-08-03,SAMPLE-B,27,CUST-04
2023-08-04,SAMPLE-A,12,CUST-01
2023-08-04,SAMPLE-B,5,CUST-08
2023-08-04,SAMPLE-B,6,CUST-05
2023-08-07,SAMPLE-A,10,CUST-05
2023-08-07,SAMPLE-B,25,CUST-05
2023-08-07,SAMPLE-B,23,CUST-05
2023-08-08,SAMPLE-B,6,CUST-02
2023-08-09,SAMPLE-A,8,CUST-06
2023-08-09,SAMPLE-B,8,CUST-01
2023-08-09,SAMPLE-B,14,CUST-01
2023-08-10,SAMPLE-A,3,CUST-08
2023-08-10,SAMPLE-A,8,CUST-04
2023-08-10,SAMPLE-B,18,CUST-07
2023-08-10,SAMPLE-B,14,CUST-01
2023-08-11,SAMPLE-B,28,CUST-03
2023-08-11,SAMPLE-B,26,CUST-04
2023-08-16,SAMPLE-A,3,CUST-07
2023-08-16,SAMPLE-A,9,CUST-07
2023-08-16,SAMPLE-B,27,CUST-05
2023-08-16,SAMPLE-B,27,CUST-07
2023-08-16,SAMPLE-B,27,CUST-04
2023-08-17,SAMPLE-A,8,CUST-02
2023-08-17,SAMPLE-B,26,CUST-04
2023-08-17,SAMPLE-C,1,CUST-01
2023-08-18,SAMPLE-B,14,CUST-03
2023-08-21,SAMPLE-A,7,CUST-06
2023-08-21,SAMPLE-A,11,CUST-07
2023-08-21,SAMPLE-B,21,CUST-07
2023-08-21,SAMPLE-B,27,CUST-04
2023-08-22,SAMPLE-A,12,CUST-07
2023-08-22,SAMPLE-A,7,CUST-07
2023-08-22,SAMPLE-B,27,CUST-04
2023-08-22,SAMPLE-B,9,CUST-02
2023-08-22,SAMPLE-B,5,CUST-02
2023-08-23,SAMPLE-A,11,CUST-07
2023-08-23,SAMPLE-B,29,CUST-07
2023-08-23,SAMPLE-B,22,CUST-02
2023-08-23,SAMPLE-B,14,CUST-01
2023-08-24,SAMPLE-A,12,CUST-03
2023-08-24,SAMPLE-A,11,CUST-08
2023-08-25,SAMPLE-B,19,CUST-07
2023-08-25,SAMPLE-B,10,CUST-01
2023-08-25,SAMPLE-B,30,CUST-01
2023-08-25,SAMPLE-B,29,CUST-03
2023-08-28,SAMPLE-A,3,CUST-01
2023-08-28,SAMPLE-A,12,CUST-04
2023-08-28,SAMPLE-B,24,CUST-06
2023-08-28,SAMPLE-B,22,CUST-08
2023-08-28,SAMPLE-C,4,CUST-04
2023-08-29,SAMPLE-B,16,CUST-03
2023-08-29,SAMPLE-B,23,CUST-07
2023-08-29,SAMPLE-C,4,CUST-04
2023-08-30,SAMPLE-A,4,CUST-02
2023-08-30,SAMPLE-A,9,CUST-05
2023-08-30,SAMPLE-A,12,CUST-08
2023-08-30,SAMPLE-A,12,CUST-01
2023-08-31,SAMPLE-A,10,CUST-07
2023-08-31,SAMPLE-B,10,CUST-05
2023-08-31,SAMPLE-B,29,CUST-08
2023-09-01,SAMPLE-A,11,CUST-08
2023-09-01,SAMPLE-A,9,CUST-07
2023-09-01,SAMPLE-A,7,CUST-08
2023-09-01,SAMPLE-B,29,CUST-07
2023-09-01,SAMPLE-B,7,CUST-05
2023-09-01,SAMPLE-B,14,CUST-05
2023-09-01,SAMPLE-B,17,CUST-05
2023-09-01,SAMPLE-C,1,CUST-04
2023-09-04,SAMPLE-A,9,CUST-07
2023-09-04,SAMPLE-B,25,CUST-03
2023-09-04,SAMPLE-B,8,CUST-02
2023-09-04,SAMPLE-B,26,CUST-05
2023-09-04,SAMPLE-B,24,CUST-01
2023-09-04,SAMPLE-C,4,CUST-02
2023-09-05,SAMPLE-A,3,CUST-07
2023-09-05,SAMPLE-A,9,CUST-04
2023-09-05,SAMPLE-A,12,CUST-05
2023-09-05,SAMPLE-A,12,CUST-04
2023-09-05,SAMPLE-B,7,CUST-02
2023-09-05,SAMPLE-B,12,CUST-07
2023-09-06,SAMPLE-B,30,CUST-03
2023-09-06,SAMPLE-B,14,CUST-08
2023-09-06,SAMPLE-B,12,CUST-08
2023-09-06,SAMPLE-B,13,CUST-06
2023-09-06,SAMPLE-B,5,CUST-07
2023-09-06,SAMPLE-B,17,CUST-02
2023-09-06,SAMPLE-B,24,CUST-05
2023-09-07,SAMPLE-B,7,CUST-07
2023-09-07,SAMPLE-B,9,CUST-01
2023-09-07,SAMPLE-C,2,CUST-02
2023-09-08,SAMPLE-B,7,CUST-06
2023-09-08,SAMPLE-B,23,CUST-06
2023-09-08,SAMPLE-B,18,CUST-02
2023-09-08,SAMPLE-B,8,CUST-02
2023-09-08,SAMPLE-B,23,CUST-05
2023-09-08,SAMPLE-B,27,CUST-05
2023-09-08,SAMPLE-B,17,CUST-01
2023-09-08,SAMPLE-C,3,CUST-01
2023-09-11,SAMPLE-A,7,CUST-08
2023-09-11,SAMPLE-A,11,CUST-07
2023-09-11,SAMPLE-A,3,CUST-04
2023-09-11,SAMPLE-B,23,CUST-02
2023-09-11,SAMPLE-B,30,CUST-05
2023-09-11,SAMPLE-B,12,CUST-08
2023-09-11,SAMPLE-C,3,CUST-04
2023-09-12,SAMPLE-A,10,CUST-05
2023-09-12,SAMPLE-A,6,CUST-08
2023-09-12,SAMPLE-A,6,CUST-02
2023-09-12,SAMPLE-B,26,CUST-04
2023-09-12,SAMPLE-B,28,CUST-05
2023-09-12,SAMPLE-B,26,CUST-05
2023-09-12,SAMPLE-B,7,CUST-07
2023-09-12,SAMPLE-B,22,CUST-04
2023-09-12,SAMPLE-C,2,CUST-01
2023-09-13,SAMPLE-A,9,CUST-05
2023-09-13,SAMPLE-A,5,CUST-08
2023-09-13,SAMPLE-B,9,CUST-04
2023-09-13,SAMPLE-C,1,CUST-01
2023-09-14,SAMPLE-B,8,CUST-05
2023-09-14,SAMPLE-B,9,CUST-02
2023-09-14,SAMPLE-B,18,CUST-05
2023-09-15,SAMPLE-A,7,CUST-05
2023-09-15,SAMPLE-A,3,CUST-01
2023-09-15,SAMPLE-A,9,CUST-08
2023-09-15,SAMPLE-B,15,CUST-02
2023-09-15,SAMPLE-B,20,CUST-05
2023-09-15,SAMPLE-B,13,CUST-08
2023-09-15,SAMPLE-C,4,CUST-02
2023-09-18,SAMPLE-A,3,CUST-08
2023-09-18,SAMPLE-B,23,CUST-05
2023-09-18,SAMPLE-B,5,CUST-03
2023-09-18,SAMPLE-C,3,CUST-04
2023-09-19,SAMPLE-B,9,CUST-07
2023-09-19,SAMPLE-B,20,CUST-06
2023-09-20,SAMPLE-B,27,CUST-02
2023-09-20,SAMPLE-B,5,CUST-03
2023-09-21,SAMPLE-A,12,CUST-07
2023-09-21,SAMPLE-B,7,CUST-03
2023-09-22,SAMPLE-A,4,CUST-02
2023-09-22,SAMPLE-A,10,CUST-02
2023-09-22,SAMPLE-B,20,CUST-03
2023-09-22,SAMPLE-B,10,CUST-07
2023-09-22,SAMPLE-B,19,CUST-05
2023-09-22,SAMPLE-B,8,CUST-07
2023-09-25,SAMPLE-A,5,CUST-07
2023-09-25,SAMPLE-A,6,CUST-08
2023-09-25,SAMPLE-B,25,CUST-04
2023-09-25,SAMPLE-B,13,CUST-07
2023-09-25,SAMPLE-B,14,CUST-06
2023-09-26,SAMPLE-A,11,CUST-07
2023-09-26,SAMPLE-A,3,CUST-08
2023-09-26,SAMPLE-B,24,CUST-05
2023-09-26,SAMPLE-B,11,CUST-02
2023-09-26,SAMPLE-B,5,CUST-01
2023-09-27,SAMPLE-A,11,CUST-01
2023-09-27,SAMPLE-A,7,CUST-08
2023-09-27,SAMPLE-B,25,CUST-08
2023-09-27,SAMPLE-B,17,CUST-06
2023-09-27,SAMPLE-B,26,CUST-04
2023-09-28,SAMPLE-A,6,CUST-06
2023-09-28,SAMPLE-B,29,CUST-05
2023-09-28,SAMPLE-B,28,CUST-01
2023-09-28,SAMPLE-B,10,CUST-03
2023-09-28,SAMPLE-B,23,CUST-07
2023-09-29,SAMPLE-A,11,CUST-01
2023-09-29,SAMPLE-B,14,CUST-04
2023-09-29,SAMPLE-B,12,CUST-08
2023-09-29,SAMPLE-C,4,CUST-04
2023-10-02,SAMPLE-A,7,CUST-02
2023-10-02,SAMPLE-B,9,CUST-04
2023-10-02,SAMPLE-B,5,CUST-05
2023-10-02,SAMPLE-B,8,CUST-03
2023-10-02,SAMPLE-B,5,CUST-03
2023-10-02,SAMPLE-B,11,CUST-06
2023-10-02,SAMPLE-C,2,CUST-04
2023-10-02,SAMPLE-C,1,CUST-03
2023-10-03,SAMPLE-B,5,CUST-01
2023-10-03,SAMPLE-B,23,CUST-06
2023-10-03,SAMPLE-B,5,CUST-02
2023-10-04,SAMPLE-B,11,CUST-03
2023-10-04,SAMPLE-B,10,CUST-03
2023-10-05,SAMPLE-A,12,CUST-08
2023-10-05,SAMPLE-B,12,CUST-04
2023-10-05,SAMPLE-B,5,CUST-06
2023-10-05,SAMPLE-B,6,CUST-08
2023-10-05,SAMPLE-B,30,CUST-03
2023-10-05,SAMPLE-B,10,CUST-04
2023-10-06,SAMPLE-A,9,CUST-07
2023-10-06,SAMPLE-B,30,CUST-03
2023-10-06,SAMPLE-B,29,CUST-03
2023-10-06,SAMPLE-C,1,CUST-01
2023-10-09,SAMPLE-A,5,CUST-03
2023-10-09,SAMPLE-A,11,CUST-01
2023-10-09,SAMPLE-B,6,CUST-02
2023-10-09,SAMPLE-B,21,CUST-04
2023-10-10,SAMPLE-A,3,CUST-06
2023-10-10,SAMPLE-B,7,CUST-01
2023-10-10,SAMPLE-B,26,CUST-01
2023-10-10,SAMPLE-C,4,CUST-02
2023-10-11,SAMPLE-A,7,CUST-08
2023-10-11,SAMPLE-B,10,CUST-08
2023-10-11,SAMPLE-B,10,CUST-06
2023-10-11,SAMPLE-B,8,CUST-04
2023-10-11,SAMPLE-B,9,CUST-08
2023-10-12,SAMPLE-A,5,CUST-06
2023-10-12,SAMPLE-A,5,CUST-02
2023-10-12,SAMPLE-B,9,CUST-08
2023-10-12,SAMPLE-B,11,CUST-06
2023-10-12,SAMPLE-B,22,CUST-06
2023-10-12,SAMPLE-B,21,CUST-05
2023-10-12,SAMPLE-B,27,CUST-02
2023-10-12,SAMPLE-B,20,CUST-05
2023-10-13,SAMPLE-B,12,CUST-04
2023-10-13,SAMPLE-B,29,CUST-08
2023-10-16,SAMPLE-A,8,CUST-04
2023-10-16,SAMPLE-B,13,CUST-06
2023-10-17,SAMPLE-B,8,CUST-08
2023-10-17,SAMPLE-B,21,CUST-08
2023-10-18,SAMPLE-A,9,CUST-04
2023-10-18,SAMPLE-B,15,CUST-03
2023-10-18,SAMPLE-B,17,CUST-07
2023-10-19,SAMPLE-A,8,CUST-05
2023-10-19,SAMPLE-B,10,CUST-04
2023-10-19,SAMPLE-B,15,CUST-05
2023-10-19,SAMPLE-B,27,CUST-06
2023-10-20,SAMPLE-A,10,CUST-01
2023-10-20,SAMPLE-A,8,CUST-05
2023-10-20,SAMPLE-B,19,CUST-02
2023-10-20,SAMPLE-B,27,CUST-06
2023-10-20,SAMPLE-B,5,CUST-04
2023-10-23,SAMPLE-A,5,CUST-02
2023-10-23,SAMPLE-B,12,CUST-01
2023-10-23,SAMPLE-B,17,CUST-05
2023-10-23,SAMPLE-C,4,CUST-02
2023-10-24,SAMPLE-B,18,CUST-04
2023-10-24,SAMPLE-B,9,CUST-04
2023-10-24,SAMPLE-C,3,CUST-03
2023-10-25,SAMPLE-A,11,CUST-04
2023-10-25,SAMPLE-B,10,CUST-04
2023-10-25,SAMPLE-B,9,CUST-08
2023-10-25,SAMPLE-B,25,CUST-04
2023-10-26,SAMPLE-A,6,CUST-06
2023-10-26,SAMPLE-A,7,CUST-08
2023-10-26,SAMPLE-B,20,CUST-08
2023-10-26,SAMPLE-B,29,CUST-03
2023-10-26,SAMPLE-B,21,CUST-01
2023-10-27,SAMPLE-B,8,CUST-07
2023-10-27,SAMPLE-B,13,CUST-05
2023-10-27,SAMPLE-B,17,CUST-07
2023-10-30,SAMPLE-A,3,CUST-07
2023-10-30,SAMPLE-B,24,CUST-03
2023-10-30,SAMPLE-B,28,CUST-06
2023-10-30,SAMPLE-C,1,CUST-04
2023-10-31,SAMPLE-A,11,CUST-05
2023-10-31,SAMPLE-A,11,CUST-01
2023-11-01,SAMPLE-A,9,CUST-06
2023-11-01,SAMPLE-A,5,CUST-01
2023-11-01,SAMPLE-B,25,CUST-06
2023-11-01,SAMPLE-B,22,CUST-07
2023-11-01,SAMPLE-B,26,CUST-01
2023-11-02,SAMPLE-A,12,CUST-03
2023-11-02,SAMPLE-A,12,CUST-07
2023-11-02,SAMPLE-B,15,CUST-08
2023-11-02,SAMPLE-B,9,CUST-01
2023-11-03,SAMPLE-B,9,CUST-02
2023-11-03,SAMPLE-B,8,CUST-06
2023-11-03,SAMPLE-B,23,CUST-02
2023-11-06,SAMPLE-A,9,CUST-08
2023-11-06,SAMPLE-A,4,CUST-04
2023-11-06,SAMPLE-B,15,CUST-04
2023-11-06,SAMPLE-B,29,CUST-02
2023-11-06,SAMPLE-B,19,CUST-05
2023-11-06,SAMPLE-B,10,CUST-04
2023-11-07,SAMPLE-A,4,CUST-06
2023-11-07,SAMPLE-A,10,CUST-05
2023-11-07,SAMPLE-A,3,CUST-02
2023-11-07,SAMPLE-A,7,CUST-04
2023-11-07,SAMPLE-B,23,CUST-07
2023-11-07,SAMPLE-B,28,CUST-08
2023-11-07,SAMPLE-B,23,CUST-07
2023-11-07,SAMPLE-B,13,CUST-08
2023-11-07,SAMPLE-B,20,CUST-08
2023-11-07,SAMPLE-B,12,CUST-01
2023-11-07,SAMPLE-B,28,CUST-03
2023-11-08,SAMPLE-B,8,CUST-07
2023-11-08,SAMPLE-B,13,CUST-04
2023-11-08,SAMPLE-B,15,CUST-04
2023-11-09,SAMPLE-B,22,CUST-05
2023-11-09,SAMPLE-B,6,CUST-07
2023-11-10,SAMPLE-A,12,CUST-06
2023-11-10,SAMPLE-B,6,CUST-06
2023-11-10,SAMPLE-B,13,CUST-07
2023-11-13,SAMPLE-A,11,CUST-08
2023-11-13,SAMPLE-A,8,CUST-03
2023-11-13,SAMPLE-B,14,CUST-05
2023-11-13,SAMPLE-B,6,CUST-07
2023-11-13,SAMPLE-B,30,CUST-01
2023-11-13,SAMPLE-B,12,CUST-02
2023-11-13,SAMPLE-B,6,CUST-06
2023-11-13,SAMPLE-C,1,CUST-01
2023-11-14,SAMPLE-A,10,CUST-07
2023-11-14,SAMPLE-B,5,CUST-07
2023-11-14,SAMPLE-C,3,CUST-04
2023-11-14,SAMPLE-C,1,CUST-03
2023-11-15,SAMPLE-B,24,CUST-06
2023-11-16,SAMPLE-A,12,CUST-04
2023-11-16,SAMPLE-B,24,CUST-08
2023-11-16,SAMPLE-B,21,CUST-04
2023-11-17,SAMPLE-B,12,CUST-01
2023-11-17,SAMPLE-B,26,CUST-05
2023-11-17,SAMPLE-B,24,CUST-07
2023-11-17,SAMPLE-B,24,CUST-06
2023-11-17,SAMPLE-B,13,CUST-07
2023-11-20,SAMPLE-A,9,CUST-04
2023-11-20,SAMPLE-A,7,CUST-01
2023-11-20,SAMPLE-B,14,CUST-04
2023-11-20,SAMPLE-B,6,CUST-05
2023-11-21,SAMPLE-A,12,CUST-06
2023-11-21,SAMPLE-A,11,CUST-07
2023-11-21,SAMPLE-B,23,CUST-01
2023-11-21,SAMPLE-B,26,CUST-05
2023-11-21,SAMPLE-B,28,CUST-01
2023-11-21,SAMPLE-B,19,CUST-04
2023-11-21,SAMPLE-B,12,CUST-04
2023-11-21,SAMPLE-B,13,CUST-07
2023-11-22,SAMPLE-B,17,CUST-02
2023-11-22,SAMPLE-B,28,CUST-08
2023-11-22,SAMPLE-B,5,CUST-04
2023-11-22,SAMPLE-B,19,CUST-03
2023-11-23,SAMPLE-A,6,CUST-02
2023-11-23,SAMPLE-A,3,CUST-05
2023-11-23,SAMPLE-A,8,CUST-01
2023-11-23,SAMPLE-B,10,CUST-08
2023-11-23,SAMPLE-B,28,CUST-01
2023-11-24,SAMPLE-A,6,CUST-04
2023-11-24,SAMPLE-B,25,CUST-06
2023-11-24,SAMPLE-B,20,CUST-05
2023-11-24,SAMPLE-B,22,CUST-05
2023-11-24,SAMPLE-B,28,CUST-01
2023-11-24,SAMPLE-B,9,CUST-04
2023-11-24,SAMPLE-B,22,CUST-06
2023-11-27,SAMPLE-A,11,CUST-07
2023-11-27,SAMPLE-A,12,CUST-08
2023-11-27,SAMPLE-A,12,CUST-03
2023-11-27,SAMPLE-A,10,CUST-06
2023-11-27,SAMPLE-B,5,CUST-07
2023-11-27,SAMPLE-B,21,CUST-07
2023-11-27,SAMPLE-B,21,CUST-01
2023-11-27,SAMPLE-B,12,CUST-06
2023-11-28,SAMPLE-A,3,CUST-01
2023-11-28,SAMPLE-B,13,CUST-08
2023-11-28,SAMPLE-B,10,CUST-01
2023-11-28,SAMPLE-C,3,CUST-03
2023-11-29,SAMPLE-A,7,CUST-08
2023-11-29,SAMPLE-B,7,CUST-07
2023-11-29,SAMPLE-B,27,CUST-06
2023-11-29,SAMPLE-B,10,CUST-01
2023-11-29,SAMPLE-B,29,CUST-02
2023-11-30,SAMPLE-A,7,CUST-05
2023-11-30,SAMPLE-B,14,CUST-04
2023-11-30,SAMPLE-B,15,CUST-06
2023-11-30,SAMPLE-B,12,CUST-02
2023-12-01,SAMPLE-A,7,CUST-05
2023-12-01,SAMPLE-A,3,CUST-05
2023-12-01,SAMPLE-A,7,CUST-01
2023-12-01,SAMPLE-A,3,CUST-06
2023-12-01,SAMPLE-B,15,CUST-03
2023-12-01,SAMPLE-B,6,CUST-04
2023-12-01,SAMPLE-B,5,CUST-08
2023-12-01,SAMPLE-B,6,CUST-08
2023-12-04,SAMPLE-B,8,CUST-02
2023-12-04,SAMPLE-B,16,CUST-08
2023-12-05,SAMPLE-A,12,CUST-04
2023-12-05,SAMPLE-B,7,CUST-03
2023-12-05,SAMPLE-B,29,CUST-05
2023-12-05,SAMPLE-B,9,CUST-01
2023-12-06,SAMPLE-A,11,CUST-05
2023-12-06,SAMPLE-B,17,CUST-04
2023-12-06,SAMPLE-B,7,CUST-02
2023-12-06,SAMPLE-B,18,CUST-05
2023-12-06,SAMPLE-B,21,CUST-03
2023-12-06,SAMPLE-B,30,CUST-07
2023-12-06,SAMPLE-B,11,CUST-03
2023-12-07,SAMPLE-A,4,CUST-02
2023-12-07,SAMPLE-A,4,CUST-03
2023-12-07,SAMPLE-A,3,CUST-04
2023-12-07,SAMPLE-B,13,CUST-05
2023-12-07,SAMPLE-B,21,CUST-02
2023-12-07,SAMPLE-B,15,CUST-01
2023-12-07,SAMPLE-C,2,CUST-03
2023-12-08,SAMPLE-A,11,CUST-07
2023-12-08,SAMPLE-B,25,CUST-08
2023-12-08,SAMPLE-B,15,CUST-08
2023-12-11,SAMPLE-A,6,CUST-05
2023-12-11,SAMPLE-A,10,CUST-07
2023-12-11,SAMPLE-B,25,CUST-05
2023-12-12,SAMPLE-A,9,CUST-02
2023-12-12,SAMPLE-A,11,CUST-06
2023-12-12,SAMPLE-A,6,CUST-01
2023-12-12,SAMPLE-A,9,CUST-05
2023-12-12,SAMPLE-B,17,CUST-02
2023-12-12,SAMPLE-B,12,CUST-04
2023-12-12,SAMPLE-B,18,CUST-05
2023-12-12,SAMPLE-B,27,CUST-06
2023-12-12,SAMPLE-B,17,CUST-01
2023-12-12,SAMPLE-B,17,CUST-04
2023-12-12,SAMPLE-B,16,CUST-08
2023-12-12,SAMPLE-B,28,CUST-01
2023-12-13,SAMPLE-A,5,CUST-03
2023-12-13,SAMPLE-B,20,CUST-07
2023-12-14,SAMPLE-A,7,CUST-03
2023-12-14,SAMPLE-B,5,CUST-08
2023-12-14,SAMPLE-B,8,CUST-05
2023-12-14,SAMPLE-B,30,CUST-04
2023-12-14,SAMPLE-B,29,CUST-02
2023-12-15,SAMPLE-A,12,CUST-02
2023-12-15,SAMPLE-B,27,CUST-02
2023-12-15,SAMPLE-B,23,CUST-01
2023-12-15,SAMPLE-B,15,CUST-02
2023-12-18,SAMPLE-A,3,CUST-03
2023-12-18,SAMPLE-B,16,CUST-02
2023-12-18,SAMPLE-B,15,CUST-04
2023-12-18,SAMPLE-B,6,CUST-08
2023-12-18,SAMPLE-C,2,CUST-03
2023-12-19,SAMPLE-A,6,CUST-07
2023-12-19,SAMPLE-A,12,CUST-07
2023-12-19,SAMPLE-A,12,CUST-05
2023-12-19,SAMPLE-A,9,CUST-05
2023-12-19,SAMPLE-A,10,CUST-08
2023-12-19,SAMPLE-A,11,CUST-02
2023-12-19,SAMPLE-B,21,CUST-06
2023-12-19,SAMPLE-B,7,CUST-05
2023-12-19,SAMPLE-B,7,CUST-03
2023-12-19,SAMPLE-B,14,CUST-05
2023-12-19,SAMPLE-B,16,CUST-08
2023-12-19,SAMPLE-B,19,CUST-03
2023-12-20,SAMPLE-A,7,CUST-02
2023-12-20,SAMPLE-B,26,CUST-08
2023-12-20,SAMPLE-B,14,CUST-03
2023-12-20,SAMPLE-B,5,CUST-08
2023-12-21,SAMPLE-A,10,CUST-04
2023-12-21,SAMPLE-A,4,CUST-05
2023-12-21,SAMPLE-A,10,CUST-02
2023-12-21,SAMPLE-B,26,CUST-04
2023-12-21,SAMPLE-B,15,CUST-04
2023-12-21,SAMPLE-B,25,CUST-03
2023-12-21,SAMPLE-B,7,CUST-01
2023-12-21,SAMPLE-B,26,CUST-02
2023-12-21,SAMPLE-B,20,CUST-06
2023-12-22,SAMPLE-A,7,CUST-01
2023-12-22,SAMPLE-A,9,CUST-04
2023-12-22,SAMPLE-A,6,CUST-08
2023-12-22,SAMPLE-A,3,CUST-05
2023-12-22,SAMPLE-B,29,CUST-04
2023-12-22,SAMPLE-B,9,CUST-04
2023-12-22,SAMPLE-B,11,CUST-01
2023-12-22,SAMPLE-B,20,CUST-08
2023-12-25,SAMPLE-B,25,CUST-06
2023-12-25,SAMPLE-B,20,CUST-02
2023-12-25,SAMPLE-B,26,CUST-06
2023-12-26,SAMPLE-A,3,CUST-03
2023-12-26,SAMPLE-B,24,CUST-01
2023-12-26,SAMPLE-B,13,CUST-05
2023-12-26,SAMPLE-B,12,CUST-01
2023-12-26,SAMPLE-B,24,CUST-07
2023-12-27,SAMPLE-A,9,CUST-02
2023-12-27,SAMPLE-B,6,CUST-05
2023-12-27,SAMPLE-B,17,CUST-08
2023-12-28,SAMPLE-A,8,CUST-02
2023-12-28,SAMPLE-A,11,CUST-03
2023-12-28,SAMPLE-B,20,CUST-01
2023-12-28,SAMPLE-B,16,CUST-01
2023-12-28,SAMPLE-B,9,CUST-01
2024-01-04,SAMPLE-A,12,CUST-01
2024-01-04,SAMPLE-B,22,CUST-05
2024-01-04,SAMPLE-B,27,CUST-03
2024-01-04,SAMPLE-B,22,CUST-06
2024-01-04,SAMPLE-B,12,CUST-07
2024-01-04,SAMPLE-B,18,CUST-04
2024-01-05,SAMPLE-A,9,CUST-04
2024-01-05,SAMPLE-B,8,CUST-07
2024-01-05,SAMPLE-B,12,CUST-08
2024-01-05,SAMPLE-B,28,CUST-05
2024-01-05,SAMPLE-B,12,CUST-05
2024-01-08,SAMPLE-A,5,CUST-07
2024-01-08,SAMPLE-B,21,CUST-05
2024-01-09,SAMPLE-A,6,CUST-05
2024-01-09,SAMPLE-A,3,CUST-08
2024-01-09,SAMPLE-A,12,CUST-08
2024-01-09,SAMPLE-B,18,CUST-01
2024-01-10,SAMPLE-A,5,CUST-08
2024-01-10,SAMPLE-A,8,CUST-06
2024-01-10,SAMPLE-B,14,CUST-03
2024-01-10,SAMPLE-B,13,CUST-03
2024-01-10,SAMPLE-B,28,CUST-06
2024-01-10,SAMPLE-B,16,CUST-03
2024-01-11,SAMPLE-A,10,CUST-05
2024-01-11,SAMPLE-A,10,CUST-08
2024-01-11,SAMPLE-B,12,CUST-08
2024-01-11,SAMPLE-B,21,CUST-01
2024-01-12,SAMPLE-B,6,CUST-02
2024-01-15,SAMPLE-A,12,CUST-05
2024-01-15,SAMPLE-B,17,CUST-02
2024-01-15,SAMPLE-B,12,CUST-01
2024-01-15,SAMPLE-B,21,CUST-07
2024-01-15,SAMPLE-B,7,CUST-06
2024-01-16,SAMPLE-B,15,CUST-05
2024-01-16,SAMPLE-B,11,CUST-01
2024-01-16,SAMPLE-B,23,CUST-01
2024-01-17,SAMPLE-A,10,CUST-03
2024-01-17,SAMPLE-B,26,CUST-02
2024-01-17,SAMPLE-B,19,CUST-06
2024-01-17,SAMPLE-B,6,CUST-05
2024-01-17,SAMPLE-B,14,CUST-04
2024-01-17,SAMPLE-B,28,CUST-05
2024-01-17,SAMPLE-B,6,CUST-03
2024-01-18,SAMPLE-A,4,CUST-07
2024-01-18,SAMPLE-B,22,CUST-08
2024-01-18,SAMPLE-B,19,CUST-01
2024-01-19,SAMPLE-B,24,CUST-01
2024-01-19,SAMPLE-B,12,CUST-01
2024-01-19,SAMPLE-B,7,CUST-08
2024-01-22,SAMPLE-A,3,CUST-06
2024-01-22,SAMPLE-A,6,CUST-01
2024-01-22,SAMPLE-B,10,CUST-02
2024-01-22,SAMPLE-B,30,CUST-03
2024-01-24,SAMPLE-A,12,CUST-01
2024-01-24,SAMPLE-A,6,CUST-06
2024-01-24,SAMPLE-B,18,CUST-01
2024-01-25,SAMPLE-A,9,CUST-06
2024-01-25,SAMPLE-A,11,CUST-02
2024-01-25,SAMPLE-B,9,CUST-02
2024-01-26,SAMPLE-B,29,CUST-08
2024-01-26,SAMPLE-B,28,CUST-06
2024-01-26,SAMPLE-B,16,CUST-07
2024-01-29,SAMPLE-A,9,CUST-07
2024-01-29,SAMPLE-B,18,CUST-05
2024-01-29,SAMPLE-B,14,CUST-08
2024-01-30,SAMPLE-A,12,CUST-08
2024-01-30,SAMPLE-A,5,CUST-08
2024-01-30,SAMPLE-B,28,CUST-05
2024-01-30,SAMPLE-B,5,CUST-01
2024-01-30,SAMPLE-B,11,CUST-02
2024-01-31,SAMPLE-B,24,CUST-08
2024-01-31,SAMPLE-B,30,CUST-08
2024-01-31,SAMPLE-B,14,CUST-05
2024-02-01,SAMPLE-B,11,CUST-08
2024-02-01,SAMPLE-B,21,CUST-04
2024-02-01,SAMPLE-B,17,CUST-03
2024-02-01,SAMPLE-B,18,CUST-08
2024-02-02,SAMPLE-A,5,CUST-06
2024-02-02,SAMPLE-B,5,CUST-07
2024-02-02,SAMPLE-B,29,CUST-05
2024-02-02,SAMPLE-B,10,CUST-07
2024-02-02,SAMPLE-B,26,CUST-03
2024-02-05,SAMPLE-B,20,CUST-02
2024-02-05,SAMPLE-B,6,CUST-03
2024-02-05,SAMPLE-B,29,CUST-04
2024-02-05,SAMPLE-B,10,CUST-03
2024-02-05,SAMPLE-B,25,CUST-08
2024-02-05,SAMPLE-B,15,CUST-07
2024-02-06,SAMPLE-A,6,CUST-06
2024-02-06,SAMPLE-B,21,CUST-04
2024-02-06,SAMPLE-B,12,CUST-08
2024-02-06,SAMPLE-B,14,CUST-02
2024-02-06,SAMPLE-C,3,CUST-02
2024-02-07,SAMPLE-A,4,CUST-03
2024-02-07,SAMPLE-B,21,CUST-04
2024-02-07,SAMPLE-B,22,CUST-02
2024-02-07,SAMPLE-B,20,CUST-06
2024-02-07,SAMPLE-B,19,CUST-02
2024-02-07,SAMPLE-B,14,CUST-03
2024-02-07,SAMPLE-B,21,CUST-04
2024-02-07,SAMPLE-C,1,CUST-01
2024-02-08,SAMPLE-A,7,CUST-08
2024-02-08,SAMPLE-B,18,CUST-05
2024-02-12,SAMPLE-A,4,CUST-05
2024-02-12,SAMPLE-A,8,CUST-05
2024-02-12,SAMPLE-B,25,CUST-07
2024-02-12,SAMPLE-B,27,CUST-01
2024-02-13,SAMPLE-A,8,CUST-01
2024-02-13,SAMPLE-B,27,CUST-07
2024-02-13,SAMPLE-B,20,CUST-08
2024-02-13,SAMPLE-B,13,CUST-08
2024-02-14,SAMPLE-A,7,CUST-01
2024-02-14,SAMPLE-B,15,CUST-03
2024-02-15,SAMPLE-B,22,CUST-01
2024-02-15,SAMPLE-B,10,CUST-08
2024-02-16,SAMPLE-B,29,CUST-06
2024-02-16,SAMPLE-B,16,CUST-08
2024-02-16,SAMPLE-B,30,CUST-07
2024-02-16,SAMPLE-B,20,CUST-06
2024-02-16,SAMPLE-B,22,CUST-03
2024-02-16,SAMPLE-B,17,CUST-03
2024-02-19,SAMPLE-B,18,CUST-03
2024-02-20,SAMPLE-A,4,CUST-08
2024-02-20,SAMPLE-B,27,CUST-04
2024-02-21,SAMPLE-A,10,CUST-06
2024-02-21,SAMPLE-A,8,CUST-04
2024-02-21,SAMPLE-B,22,CUST-03
2024-02-21,SAMPLE-C,4,CUST-01
2024-02-21,SAMPLE-C,1,CUST-01
2024-02-22,SAMPLE-A,12,CUST-02
2024-02-22,SAMPLE-B,29,CUST-05
2024-02-22,SAMPLE-B,17,CUST-03
2024-02-22,SAMPLE-B,11,CUST-02
2024-02-22,SAMPLE-B,11,CUST-08
2024-02-22,SAMPLE-C,3,CUST-03
2024-02-23,SAMPLE-B,9,CUST-05
2024-02-23,SAMPLE-B,20,CUST-01
2024-02-23,SAMPLE-B,11,CUST-08
2024-02-23,SAMPLE-B,10,CUST-03
2024-02-26,SAMPLE-A,6,CUST-06
2024-02-26,SAMPLE-A,10,CUST-08
2024-02-26,SAMPLE-A,7,CUST-02
2024-02-26,SAMPLE-B,29,CUST-04
2024-02-26,SAMPLE-B,9,CUST-06
2024-02-26,SAMPLE-B,19,CUST-04
2024-02-27,SAMPLE-A,12,CUST-05
2024-02-27,SAMPLE-A,11,CUST-08
2024-02-27,SAMPLE-A,11,CUST-06
2024-02-27,SAMPLE-A,8,CUST-03
2024-02-27,SAMPLE-B,24,CUST-04
2024-02-27,SAMPLE-B,9,CUST-02
2024-02-28,SAMPLE-A,10,CUST-08
2024-02-28,SAMPLE-B,23,CUST-07
2024-02-28,SAMPLE-B,17,CUST-07
2024-02-29,SAMPLE-A,11,CUST-08
2024-02-29,SAMPLE-B,14,CUST-02
2024-02-29,SAMPLE-B,8,CUST-06
2024-02-29,SAMPLE-B,5,CUST-08
2024-02-29,SAMPLE-B,26,CUST-04
2024-03-01,SAMPLE-A,3,CUST-04
2024-03-01,SAMPLE-B,29,CUST-05
2024-03-04,SAMPLE-A,6,CUST-01
2024-03-04,SAMPLE-A,11,CUST-05
2024-03-04,SAMPLE-B,12,CUST-04
2024-03-04,SAMPLE-B,14,CUST-02
2024-03-04,SAMPLE-B,14,CUST-01
2024-03-04,SAMPLE-B,30,CUST-07
2024-03-04,SAMPLE-C,2,CUST-01
2024-03-05,SAMPLE-A,9,CUST-03
2024-03-05,SAMPLE-A,9,CUST-08
2024-03-05,SAMPLE-B,8,CUST-07
2024-03-05,SAMPLE-B,29,CUST-07
2024-03-05,SAMPLE-B,8,CUST-04
2024-03-05,SAMPLE-B,25,CUST-05
2024-03-06,SAMPLE-A,9,CUST-03
2024-03-06,SAMPLE-A,8,CUST-02
2024-03-06,SAMPLE-B,9,CUST-03
2024-03-06,SAMPLE-B,25,CUST-07
2024-03-07,SAMPLE-B,24,CUST-02
2024-03-07,SAMPLE-C,1,CUST-02
2024-03-08,SAMPLE-B,26,CUST-01
2024-03-08,SAMPLE-B,7,CUST-06
2024-03-08,SAMPLE-B,10,CUST-03
2024-03-08,SAMPLE-C,3,CUST-01
2024-03-11,SAMPLE-B,5,CUST-05
2024-03-11,SAMPLE-B,20,CUST-08
2024-03-11,SAMPLE-B,27,CUST-01
2024-03-11,SAMPLE-B,13,CUST-06
2024-03-11,SAMPLE-C,3,CUST-01
2024-03-12,SAMPLE-A,7,CUST-04
2024-03-12,SAMPLE-B,14,CUST-06
2024-03-12,SAMPLE-B,25,CUST-02
2024-03-12,SAMPLE-B,17,CUST-08
2024-03-12,SAMPLE-B,30,CUST-03
2024-03-13,SAMPLE-A,7,CUST-07
2024-03-13,SAMPLE-B,23,CUST-01
2024-03-13,SAMPLE-B,13,CUST-04
2024-03-13,SAMPLE-B,13,CUST-03
2024-03-13,SAMPLE-B,29,CUST-08
2024-03-13,SAMPLE-B,20,CUST-06
2024-03-13,SAMPLE-C,1,CUST-01
2024-03-13,SAMPLE-C,3,CUST-02
2024-03-13,SAMPLE-C,4,CUST-03
2024-03-14,SAMPLE-B,22,CUST-08
2024-03-14,SAMPLE-B,22,CUST-04
2024-03-14,SAMPLE-B,16,CUST-06
2024-03-14,SAMPLE-B,19,CUST-01
2024-03-14,SAMPLE-B,8,CUST-08
2024-03-14,SAMPLE-B,25,CUST-05
2024-03-14,SAMPLE-B,30,CUST-04
2024-03-15,SAMPLE-A,3,CUST-05
2024-03-15,SAMPLE-A,3,CUST-07
2024-03-15,SAMPLE-B,6,CUST-01
2024-03-15,SAMPLE-B,29,CUST-08
2024-03-15,SAMPLE-B,14,CUST-05
2024-03-15,SAMPLE-B,30,CUST-07
2024-03-15,SAMPLE-B,22,CUST-01
2024-03-15,SAMPLE-B,27,CUST-01
2024-03-15,SAMPLE-B,7,CUST-05
2024-03-18,SAMPLE-A,8,CUST-08
2024-03-18,SAMPLE-A,10,CUST-03
2024-03-18,SAMPLE-B,25,CUST-02
2024-03-18,SAMPLE-B,6,CUST-04
2024-03-18,SAMPLE-B,22,CUST-08
2024-03-18,SAMPLE-B,23,CUST-04
2024-03-18,SAMPLE-B,11,CUST-03
2024-03-18,SAMPLE-B,23,CUST-02
2024-03-18,SAMPLE-B,6,CUST-07
2024-03-19,SAMPLE-A,12,CUST-07
2024-03-19,SAMPLE-B,29,CUST-05
2024-03-19,SAMPLE-B,24,CUST-02
2024-03-19,SAMPLE-B,16,CUST-06
2024-03-19,SAMPLE-B,22,CUST-06
2024-03-19,SAMPLE-B,17,CUST-05
2024-03-19,SAMPLE-B,20,CUST-08
2024-03-20,SAMPLE-A,10,CUST-01
2024-03-20,SAMPLE-B,11,CUST-03
2024-03-20,SAMPLE-B,17,CUST-08
2024-03-20,SAMPLE-B,18,CUST-01
2024-03-20,SAMPLE-B,9,CUST-08
2024-03-20,SAMPLE-B,26,CUST-05
2024-03-21,SAMPLE-A,3,CUST-03
2024-03-21,SAMPLE-B,25,CUST-05
2024-03-21,SAMPLE-B,8,CUST-02
2024-03-21,SAMPLE-B,24,CUST-04
2024-03-22,SAMPLE-A,3,CUST-07
2024-03-22,SAMPLE-B,16,CUST-06
2024-03-25,SAMPLE-A,7,CUST-08
2024-03-25,SAMPLE-B,30,CUST-05
2024-03-25,SAMPLE-B,6,CUST-03
2024-03-25,SAMPLE-B,20,CUST-07
2024-03-25,SAMPLE-B,17,CUST-08
2024-03-26,SAMPLE-A,11,CUST-01
2024-03-26,SAMPLE-A,3,CUST-08
2024-03-26,SAMPLE-B,25,CUST-03
2024-03-26,SAMPLE-B,29,CUST-07
2024-03-26,SAMPLE-B,18,CUST-06
2024-03-26,SAMPLE-B,21,CUST-07
2024-03-27,SAMPLE-A,11,CUST-04
2024-03-27,SAMPLE-A,11,CUST-02
2024-03-27,SAMPLE-B,12,CUST-04
2024-03-27,SAMPLE-B,8,CUST-07
2024-03-27,SAMPLE-B,7,CUST-07
2024-03-27,SAMPLE-B,18,CUST-07
2024-03-27,SAMPLE-B,25,CUST-07
2024-03-28,SAMPLE-A,10,CUST-01
2024-03-28,SAMPLE-B,12,CUST-04
2024-03-28,SAMPLE-B,13,CUST-06
2024-03-28,SAMPLE-B,28,CUST-07
2024-03-28,SAMPLE-B,6,CUST-01
2024-03-28,SAMPLE-B,22,CUST-06
2024-03-28,SAMPLE-B,25,CUST-06
2024-03-28,SAMPLE-B,17,CUST-04
2024-03-29,SAMPLE-A,3,CUST-05
2024-03-29,SAMPLE-B,30,CUST-08
2024-03-29,SAMPLE-B,8,CUST-07
2024-04-01,SAMPLE-A,4,CUST-02
2024-04-01,SAMPLE-B,11,CUST-02
2024-04-01,SAMPLE-B,25,CUST-05
2024-04-02,SAMPLE-A,7,CUST-08
2024-04-02,SAMPLE-B,17,CUST-06
2024-04-02,SAMPLE-C,2,CUST-01
2024-04-03,SAMPLE-B,18,CUST-06
2024-04-03,SAMPLE-B,29,CUST-02
2024-04-03,SAMPLE-B,15,CUST-03
2024-04-04,SAMPLE-B,20,CUST-07
2024-04-04,SAMPLE-B,19,CUST-02
2024-04-04,SAMPLE-B,6,CUST-08
2024-04-04,SAMPLE-B,19,CUST-01
2024-04-04,SAMPLE-B,29,CUST-08
2024-04-04,SAMPLE-C,1,CUST-03
2024-04-05,SAMPLE-B,6,CUST-05
2024-04-05,SAMPLE-B,26,CUST-06
2024-04-05,SAMPLE-B,15,CUST-07
2024-04-05,SAMPLE-B,20,CUST-03
2024-04-08,SAMPLE-B,27,CUST-05
2024-04-08,SAMPLE-B,25,CUST-01
2024-04-08,SAMPLE-B,25,CUST-05
2024-04-08,SAMPLE-B,27,CUST-04
2024-04-08,SAMPLE-C,4,CUST-02
2024-04-09,SAMPLE-A,7,CUST-08
2024-04-09,SAMPLE-B,14,CUST-03
2024-04-09,SAMPLE-B,29,CUST-04
2024-04-09,SAMPLE-B,25,CUST-03
2024-04-09,SAMPLE-B,13,CUST-05
2024-04-09,SAMPLE-C,2,CUST-01
2024-04-10,SAMPLE-A,8,CUST-07
2024-04-10,SAMPLE-B,18,CUST-05
2024-04-10,SAMPLE-B,5,CUST-01
2024-04-10,SAMPLE-B,20,CUST-04
2024-04-10,SAMPLE-C,4,CUST-02
2024-04-11,SAMPLE-A,12,CUST-01
2024-04-11,SAMPLE-B,28,CUST-04
2024-04-11,SAMPLE-C,3,CUST-03
2024-04-12,SAMPLE-B,29,CUST-07
2024-04-12,SAMPLE-B,29,CUST-03
2024-04-12,SAMPLE-B,24,CUST-05
2024-04-12,SAMPLE-C,2,CUST-04
2024-04-15,SAMPLE-A,3,CUST-01
2024-04-15,SAMPLE-A,6,CUST-05
2024-04-15,SAMPLE-B,5,CUST-07
2024-04-15,SAMPLE-B,20,CUST-05
2024-04-15,SAMPLE-B,15,CUST-07
2024-04-15,SAMPLE-B,5,CUST-05
2024-04-15,SAMPLE-B,9,CUST-05
2024-04-15,SAMPLE-B,11,CUST-03
2024-04-15,SAMPLE-B,26,CUST-02
2024-04-16,SAMPLE-B,9,CUST-02
2024-04-16,SAMPLE-B,19,CUST-07
2024-04-16,SAMPLE-B,21,CUST-07
2024-04-16,SAMPLE-B,23,CUST-07
2024-04-16,SAMPLE-B,8,CUST-08
2024-04-16,SAMPLE-B,25,CUST-01
2024-04-17,SAMPLE-A,4,CUST-07
2024-04-17,SAMPLE-A,5,CUST-07
2024-04-17,SAMPLE-B,6,CUST-08
2024-04-17,SAMPLE-B,14,CUST-06
2024-04-17,SAMPLE-B,13,CUST-08
2024-04-17,SAMPLE-B,9,CUST-01
2024-04-17,SAMPLE-C,2,CUST-03
2024-04-18,SAMPLE-B,11,CUST-04
2024-04-18,SAMPLE-B,5,CUST-02
2024-04-18,SAMPLE-B,12,CUST-06
2024-04-18,SAMPLE-B,7,CUST-02
2024-04-18,SAMPLE-B,28,CUST-08
2024-04-19,SAMPLE-A,8,CUST-05
2024-04-19,SAMPLE-A,10,CUST-02
2024-04-19,SAMPLE-B,17,CUST-02
2024-04-19,SAMPLE-B,21,CUST-04
2024-04-22,SAMPLE-A,5,CUST-03
2024-04-22,SAMPLE-B,21,CUST-04
2024-04-22,SAMPLE-B,12,CUST-01
2024-04-22,SAMPLE-B,7,CUST-02
2024-04-22,SAMPLE-B,6,CUST-08
2024-04-22,SAMPLE-B,12,CUST-01
2024-04-22,SAMPLE-B,27,CUST-08
2024-04-23,SAMPLE-A,6,CUST-03
2024-04-23,SAMPLE-A,12,CUST-06
2024-04-23,SAMPLE-A,5,CUST-02
2024-04-23,SAMPLE-A,4,CUST-03
2024-04-23,SAMPLE-B,17,CUST-05
2024-04-23,SAMPLE-C,1,CUST-04
2024-04-24,SAMPLE-A,11,CUST-02
2024-04-24,SAMPLE-A,6,CUST-06
2024-04-24,SAMPLE-A,7,CUST-07
2024-04-24,SAMPLE-B,22,CUST-07
2024-04-24,SAMPLE-B,21,CUST-07
2024-04-25,SAMPLE-B,19,CUST-04
2024-04-25,SAMPLE-B,10,CUST-05
2024-04-25,SAMPLE-B,23,CUST-08
2024-04-25,SAMPLE-C,4,CUST-04
2024-04-26,SAMPLE-A,9,CUST-03
2024-04-26,SAMPLE-B,9,CUST-06
2024-04-29,SAMPLE-B,5,CUST-03
2024-04-29,SAMPLE-B,16,CUST-06
2024-04-30,SAMPLE-A,10,CUST-06
2024-04-30,SAMPLE-B,10,CUST-06
2024-04-30,SAMPLE-B,10,CUST-08
2024-04-30,SAMPLE-B,28,CUST-03
2024-04-30,SAMPLE-C,3,CUST-03
2024-05-01,SAMPLE-A,11,CUST-03
2024-05-01,SAMPLE-B,11,CUST-06
2024-05-01,SAMPLE-B,28,CUST-08
2024-05-01,SAMPLE-B,14,CUST-07
2024-05-01,SAMPLE-B,10,CUST-07
2024-05-01,SAMPLE-B,24,CUST-08
2024-05-01,SAMPLE-B,25,CUST-03
2024-05-01,SAMPLE-B,14,CUST-06
2024-05-03,SAMPLE-A,6,CUST-08
2024-05-03,SAMPLE-A,11,CUST-08
2024-05-03,SAMPLE-B,25,CUST-02
2024-05-03,SAMPLE-B,27,CUST-02
2024-05-03,SAMPLE-B,11,CUST-01
2024-05-06,SAMPLE-B,7,CUST-02
2024-05-06,SAMPLE-B,16,CUST-07
2024-05-06,SAMPLE-B,14,CUST-03
2024-05-06,SAMPLE-B,14,CUST-08
2024-05-07,SAMPLE-B,24,CUST-07
2024-05-07,SAMPLE-B,22,CUST-07
2024-05-08,SAMPLE-B,29,CUST-01
2024-05-08,SAMPLE-B,28,CUST-02
2024-05-09,SAMPLE-A,10,CUST-02
2024-05-09,SAMPLE-B,18,CUST-05
2024-05-09,SAMPLE-B,15,CUST-08
2024-05-10,SAMPLE-B,7,CUST-06
2024-05-10,SAMPLE-B,26,CUST-05
2024-05-10,SAMPLE-C,4,CUST-03
2024-05-13,SAMPLE-A,7,CUST-05
2024-05-13,SAMPLE-B,7,CUST-01
2024-05-13,SAMPLE-B,19,CUST-06
2024-05-14,SAMPLE-B,14,CUST-03
2024-05-14,SAMPLE-B,25,CUST-05
2024-05-14,SAMPLE-B,8,CUST-01
2024-05-14,SAMPLE-B,20,CUST-06
2024-05-14,SAMPLE-B,16,CUST-08
2024-05-14,SAMPLE-B,16,CUST-05
2024-05-14,SAMPLE-C,2,CUST-01
2024-05-15,SAMPLE-A,6,CUST-07
2024-05-15,SAMPLE-A,11,CUST-08
2024-05-15,SAMPLE-B,23,CUST-08
2024-05-15,SAMPLE-B,23,CUST-03
2024-05-15,SAMPLE-B,29,CUST-01
2024-05-15,SAMPLE-B,17,CUST-04
2024-05-15,SAMPLE-B,6,CUST-07
2024-05-16,SAMPLE-B,28,CUST-08
2024-05-16,SAMPLE-C,3,CUST-04
2024-05-17,SAMPLE-A,5,CUST-02
2024-05-17,SAMPLE-A,4,CUST-04
2024-05-17,SAMPLE-B,6,CUST-03
2024-05-17,SAMPLE-B,24,CUST-02
2024-05-17,SAMPLE-C,3,CUST-04
2024-05-20,SAMPLE-A,9,CUST-06
2024-05-20,SAMPLE-A,5,CUST-05
2024-05-20,SAMPLE-A,5,CUST-01
2024-05-20,SAMPLE-B,7,CUST-06
2024-05-20,SAMPLE-B,9,CUST-08
2024-05-20,SAMPLE-B,17,CUST-08
2024-05-20,SAMPLE-B,10,CUST-01
2024-05-20,SAMPLE-B,22,CUST-04
2024-05-20,SAMPLE-B,17,CUST-03
2024-05-21,SAMPLE-A,12,CUST-07
2024-05-21,SAMPLE-B,29,CUST-07
2024-05-21,SAMPLE-B,12,CUST-04
2024-05-21,SAMPLE-B,17,CUST-01
2024-05-21,SAMPLE-C,4,CUST-02
2024-05-22,SAMPLE-A,4,CUST-06
2024-05-22,SAMPLE-A,10,CUST-05
2024-05-22,SAMPLE-A,3,CUST-08
2024-05-22,SAMPLE-A,12,CUST-06
2024-05-22,SAMPLE-B,26,CUST-03
2024-05-23,SAMPLE-B,12,CUST-01
2024-05-23,SAMPLE-B,30,CUST-02
2024-05-23,SAMPLE-B,27,CUST-01
2024-05-24,SAMPLE-B,19,CUST-07
2024-05-24,SAMPLE-B,27,CUST-04
2024-05-24,SAMPLE-B,5,CUST-02
2024-05-27,SAMPLE-A,12,CUST-01
2024-05-27,SAMPLE-B,5,CUST-07
2024-05-27,SAMPLE-B,5,CUST-07
2024-05-28,SAMPLE-A,9,CUST-04
2024-05-28,SAMPLE-A,11,CUST-08
2024-05-28,SAMPLE-A,11,CUST-08
2024-05-28,SAMPLE-A,11,CUST-07
2024-05-28,SAMPLE-B,26,CUST-04
2024-05-28,SAMPLE-B,5,CUST-06
2024-05-29,SAMPLE-A,3,CUST-02
2024-05-29,SAMPLE-A,8,CUST-07
2024-05-29,SAMPLE-B,10,CUST-02
2024-05-29,SAMPLE-C,4,CUST-01
2024-05-29,SAMPLE-C,2,CUST-03
2024-05-30,SAMPLE-A,4,CUST-08
2024-05-30,SAMPLE-A,4,CUST-07
2024-05-30,SAMPLE-B,20,CUST-06
2024-05-30,SAMPLE-B,21,CUST-05
2024-05-31,SAMPLE-A,3,CUST-02
2024-05-31,SAMPLE-A,4,CUST-02
2024-05-31,SAMPLE-B,15,CUST-03
2024-05-31,SAMPLE-B,11,CUST-03
2024-05-31,SAMPLE-B,21,CUST-07
2024-05-31,SAMPLE-C,1,CUST-02
2024-06-04,SAMPLE-B,21,CUST-01
2024-06-04,SAMPLE-B,5,CUST-04
2024-06-04,SAMPLE-B,11,CUST-06
2024-06-04,SAMPLE-C,1,CUST-01
2024-06-04,SAMPLE-C,3,CUST-04
2024-06-05,SAMPLE-A,5,CUST-04
2024-06-05,SAMPLE-B,25,CUST-03
2024-06-05,SAMPLE-B,15,CUST-03
2024-06-05,SAMPLE-B,11,CUST-04
2024-06-05,SAMPLE-C,4,CUST-02
2024-06-06,SAMPLE-A,6,CUST-06
2024-06-06,SAMPLE-B,28,CUST-01
2024-06-06,SAMPLE-B,26,CUST-03
2024-06-06,SAMPLE-B,16,CUST-01
2024-06-06,SAMPLE-C,2,CUST-04
2024-06-07,SAMPLE-B,12,CUST-08
2024-06-07,SAMPLE-B,13,CUST-04
2024-06-07,SAMPLE-B,30,CUST-07
2024-06-07,SAMPLE-B,10,CUST-07
2024-06-07,SAMPLE-B,20,CUST-01
2024-06-10,SAMPLE-A,5,CUST-07
2024-06-10,SAMPLE-B,17,CUST-06
2024-06-10,SAMPLE-B,5,CUST-05
2024-06-10,SAMPLE-C,2,CUST-01
2024-06-11,SAMPLE-A,8,CUST-06
2024-06-11,SAMPLE-B,14,CUST-08
2024-06-11,SAMPLE-B,7,CUST-05
2024-06-12,SAMPLE-B,11,CUST-08
2024-06-12,SAMPLE-B,7,CUST-07
2024-06-12,SAMPLE-B,10,CUST-04
2024-06-13,SAMPLE-A,10,CUST-03
2024-06-13,SAMPLE-B,18,CUST-01
2024-06-13,SAMPLE-B,14,CUST-02
2024-06-13,SAMPLE-B,30,CUST-02
2024-06-13,SAMPLE-C,4,CUST-04
2024-06-13,SAMPLE-C,3,CUST-03
2024-06-13,SAMPLE-C,1,CUST-02
2024-06-14,SAMPLE-A,5,CUST-06
2024-06-14,SAMPLE-A,8,CUST-03
2024-06-14,SAMPLE-A,12,CUST-06
2024-06-14,SAMPLE-A,7,CUST-02
2024-06-14,SAMPLE-B,30,CUST-02
2024-06-14,SAMPLE-B,26,CUST-04
2024-06-14,SAMPLE-C,1,CUST-02
2024-06-18,SAMPLE-A,12,CUST-07
2024-06-18,SAMPLE-B,8,CUST-06
2024-06-19,SAMPLE-A,5,CUST-08
2024-06-19,SAMPLE-A,7,CUST-04
2024-06-19,SAMPLE-B,15,CUST-01
2024-06-19,SAMPLE-B,16,CUST-05
2024-06-19,SAMPLE-B,5,CUST-01
2024-06-19,SAMPLE-B,25,CUST-03
2024-06-19,SAMPLE-B,11,CUST-06
2024-06-19,SAMPLE-C,1,CUST-01
2024-06-20,SAMPLE-A,7,CUST-05
2024-06-20,SAMPLE-A,4,CUST-08
2024-06-20,SAMPLE-B,23,CUST-04
2024-06-20,SAMPLE-B,19,CUST-06
2024-06-20,SAMPLE-B,11,CUST-01
2024-06-20,SAMPLE-B,11,CUST-05
2024-06-20,SAMPLE-B,10,CUST-03
2024-06-20,SAMPLE-C,3,CUST-04
2024-06-21,SAMPLE-A,5,CUST-07
2024-06-21,SAMPLE-B,14,CUST-06
2024-06-24,SAMPLE-B,8,CUST-08
2024-06-24,SAMPLE-C,2,CUST-03
2024-06-25,SAMPLE-B,5,CUST-03
2024-06-25,SAMPLE-B,16,CUST-04
2024-06-25,SAMPLE-B,27,CUST-01
2024-06-25,SAMPLE-B,16,CUST-08
2024-06-26,SAMPLE-A,8,CUST-08
2024-06-26,SAMPLE-A,10,CUST-02
2024-06-26,SAMPLE-B,26,CUST-06
2024-06-26,SAMPLE-B,18,CUST-07
2024-06-26,SAMPLE-B,18,CUST-01
2024-06-27,SAMPLE-A,10,CUST-03
2024-06-27,SAMPLE-A,12,CUST-02
2024-06-27,SAMPLE-B,7,CUST-02
2024-06-27,SAMPLE-B,17,CUST-08
2024-06-27,SAMPLE-B,20,CUST-06
2024-06-27,SAMPLE-B,18,CUST-04
2024-06-27,SAMPLE-B,6,CUST-04
2024-06-27,SAMPLE-B,18,CUST-07
2024-06-28,SAMPLE-A,7,CUST-07
2024-06-28,SAMPLE-B,7,CUST-04
2024-06-28,SAMPLE-B,21,CUST-06
2024-06-28,SAMPLE-B,13,CUST-08
2024-07-01,SAMPLE-A,4,CUST-03
2024-07-01,SAMPLE-A,4,CUST-02
2024-07-01,SAMPLE-B,6,CUST-02
2024-07-01,SAMPLE-B,7,CUST-07
2024-07-02,SAMPLE-A,12,CUST-01
2024-07-02,SAMPLE-B,10,CUST-07
2024-07-02,SAMPLE-C,2,CUST-02
2024-07-03,SAMPLE-A,10,CUST-03
2024-07-03,SAMPLE-B,10,CUST-05
2024-07-03,SAMPLE-B,12,CUST-04
2024-07-04,SAMPLE-A,4,CUST-06
2024-07-04,SAMPLE-A,6,CUST-02
2024-07-04,SAMPLE-A,8,CUST-05
2024-07-04,SAMPLE-B,8,CUST-02
2024-07-04,SAMPLE-B,11,CUST-01
2024-07-05,SAMPLE-A,8,CUST-07
2024-07-05,SAMPLE-B,10,CUST-08
2024-07-05,SAMPLE-B,8,CUST-01
2024-07-08,SAMPLE-B,8,CUST-06
2024-07-08,SAMPLE-B,23,CUST-04
2024-07-08,SAMPLE-B,13,CUST-03
2024-07-08,SAMPLE-B,6,CUST-05
2024-07-08,SAMPLE-B,26,CUST-01
2024-07-08,SAMPLE-B,12,CUST-05
2024-07-08,SAMPLE-B,13,CUST-01
2024-07-08,SAMPLE-B,16,CUST-04
2024-07-09,SAMPLE-A,11,CUST-05
2024-07-09,SAMPLE-B,24,CUST-03
2024-07-09,SAMPLE-C,2,CUST-01
2024-07-10,SAMPLE-A,8,CUST-03
2024-07-10,SAMPLE-B,11,CUST-08
2024-07-10,SAMPLE-B,16,CUST-06
2024-07-10,SAMPLE-B,17,CUST-06
2024-07-10,SAMPLE-B,15,CUST-08
2024-07-10,SAMPLE-B,11,CUST-07
2024-07-10,SAMPLE-B,18,CUST-07
2024-07-10,SAMPLE-C,1,CUST-03
2024-07-10,SAMPLE-C,4,CUST-01
2024-07-11,SAMPLE-A,8,CUST-07
2024-07-11,SAMPLE-B,27,CUST-01
2024-07-11,SAMPLE-B,7,CUST-06
2024-07-11,SAMPLE-B,17,CUST-05
2024-07-12,SAMPLE-A,8,CUST-04
2024-07-12,SAMPLE-B,14,CUST-03
2024-07-12,SAMPLE-B,21,CUST-01
2024-07-12,SAMPLE-B,29,CUST-01
2024-07-12,SAMPLE-B,6,CUST-04
2024-07-12,SAMPLE-B,20,CUST-02
2024-07-15,SAMPLE-A,8,CUST-04
2024-07-15,SAMPLE-A,12,CUST-04
2024-07-15,SAMPLE-B,9,CUST-05
2024-07-15,SAMPLE-B,22,CUST-08
2024-07-16,SAMPLE-A,4,CUST-01
2024-07-16,SAMPLE-A,6,CUST-07
2024-07-16,SAMPLE-B,12,CUST-02
2024-07-16,SAMPLE-B,20,CUST-07
2024-07-16,SAMPLE-C,3,CUST-02
2024-07-17,SAMPLE-A,3,CUST-04
2024-07-17,SAMPLE-B,28,CUST-07
2024-07-18,SAMPLE-A,11,CUST-04
2024-07-18,SAMPLE-B,19,CUST-01
2024-07-18,SAMPLE-B,14,CUST-02
2024-07-19,SAMPLE-A,9,CUST-07
2024-07-19,SAMPLE-A,5,CUST-08
2024-07-19,SAMPLE-B,13,CUST-01
2024-07-19,SAMPLE-B,16,CUST-08
2024-07-19,SAMPLE-C,3,CUST-02
2024-07-22,SAMPLE-A,6,CUST-07
2024-07-22,SAMPLE-B,30,CUST-08
2024-07-22,SAMPLE-B,15,CUST-07
2024-07-22,SAMPLE-B,29,CUST-06
2024-07-22,SAMPLE-B,24,CUST-01
2024-07-23,SAMPLE-B,18,CUST-06
2024-07-23,SAMPLE-B,14,CUST-07
2024-07-23,SAMPLE-B,27,CUST-07
2024-07-24,SAMPLE-A,12,CUST-06
2024-07-24,SAMPLE-A,6,CUST-02
2024-07-24,SAMPLE-A,5,CUST-05
2024-07-24,SAMPLE-B,30,CUST-07
2024-07-24,SAMPLE-B,19,CUST-08
2024-07-24,SAMPLE-B,25,CUST-07
2024-07-24,SAMPLE-B,21,CUST-05
2024-07-24,SAMPLE-C,1,CUST-04
2024-07-25,SAMPLE-B,9,CUST-06
2024-07-25,SAMPLE-B,15,CUST-01
2024-07-25,SAMPLE-B,29,CUST-01
2024-07-25,SAMPLE-B,6,CUST-06
2024-07-26,SAMPLE-B,7,CUST-03
2024-07-29,SAMPLE-A,4,CUST-02
2024-07-29,SAMPLE-A,8,CUST-06
2024-07-29,SAMPLE-A,12,CUST-07
2024-07-29,SAMPLE-A,6,CUST-06
2024-07-29,SAMPLE-B,11,CUST-07
2024-07-29,SAMPLE-B,22,CUST-07
2024-07-29,SAMPLE-B,25,CUST-07
2024-07-29,SAMPLE-B,26,CUST-02
2024-07-30,SAMPLE-A,6,CUST-07
2024-07-30,SAMPLE-A,12,CUST-02
2024-07-30,SAMPLE-B,6,CUST-04
2024-07-30,SAMPLE-B,22,CUST-01
2024-07-30,SAMPLE-B,19,CUST-01
2024-07-31,SAMPLE-A,3,CUST-05
2024-07-31,SAMPLE-B,18,CUST-01
2024-07-31,SAMPLE-B,29,CUST-08
2024-07-31,SAMPLE-B,25,CUST-03
2024-08-01,SAMPLE-A,6,CUST-07
2024-08-01,SAMPLE-B,11,CUST-01
2024-08-01,SAMPLE-C,3,CUST-04
2024-08-02,SAMPLE-A,5,CUST-08
2024-08-02,SAMPLE-B,5,CUST-05
2024-08-02,SAMPLE-B,7,CUST-05
2024-08-02,SAMPLE-B,11,CUST-08
2024-08-05,SAMPLE-B,15,CUST-06
2024-08-05,SAMPLE-B,21,CUST-01
2024-08-05,SAMPLE-B,5,CUST-01
2024-08-05,SAMPLE-C,1,CUST-04
2024-08-05,SAMPLE-C,3,CUST-01
2024-08-06,SAMPLE-A,3,CUST-05
2024-08-06,SAMPLE-A,5,CUST-02
2024-08-06,SAMPLE-B,7,CUST-08
2024-08-06,SAMPLE-B,7,CUST-05
2024-08-06,SAMPLE-B,11,CUST-05
2024-08-06,SAMPLE-C,3,CUST-04
2024-08-07,SAMPLE-B,27,CUST-02
2024-08-07,SAMPLE-B,28,CUST-05
2024-08-08,SAMPLE-A,9,CUST-05
2024-08-08,SAMPLE-A,12,CUST-01
2024-08-08,SAMPLE-B,13,CUST-06
2024-08-09,SAMPLE-A,11,CUST-08
2024-08-12,SAMPLE-A,3,CUST-05
2024-08-16,SAMPLE-A,7,CUST-02
2024-08-16,SAMPLE-A,5,CUST-05
2024-08-16,SAMPLE-B,22,CUST-05
2024-08-16,SAMPLE-B,21,CUST-02
2024-08-16,SAMPLE-B,28,CUST-04
2024-08-19,SAMPLE-B,21,CUST-05
2024-08-19,SAMPLE-B,23,CUST-08
2024-08-20,SAMPLE-A,10,CUST-07
2024-08-20,SAMPLE-A,3,CUST-04
2024-08-20,SAMPLE-B,29,CUST-08
2024-08-21,SAMPLE-A,11,CUST-02
2024-08-21,SAMPLE-A,6,CUST-02
2024-08-21,SAMPLE-B,10,CUST-03
2024-08-21,SAMPLE-B,10,CUST-05
2024-08-21,SAMPLE-B,7,CUST-05
2024-08-21,SAMPLE-B,18,CUST-08
2024-08-21,SAMPLE-C,4,CUST-03
2024-08-22,SAMPLE-A,5,CUST-07
2024-08-22,SAMPLE-A,5,CUST-08
2024-08-22,SAMPLE-B,14,CUST-04
2024-08-22,SAMPLE-B,30,CUST-04
2024-08-22,SAMPLE-B,6,CUST-03
2024-08-22,SAMPLE-B,28,CUST-06
2024-08-22,SAMPLE-C,1,CUST-02
2024-08-22,SAMPLE-C,3,CUST-02
2024-08-22,SAMPLE-C,2,CUST-04
2024-08-23,SAMPLE-A,5,CUST-07
2024-08-23,SAMPLE-B,9,CUST-03
2024-08-23,SAMPLE-B,7,CUST-03
2024-08-23,SAMPLE-B,12,CUST-03
2024-08-23,SAMPLE-B,11,CUST-05
2024-08-23,SAMPLE-B,5,CUST-08
2024-08-23,SAMPLE-B,15,CUST-02
2024-08-26,SAMPLE-A,7,CUST-08
2024-08-26,SAMPLE-B,30,CUST-03
2024-08-26,SAMPLE-B,25,CUST-03
2024-08-26,SAMPLE-B,7,CUST-01
2024-08-26,SAMPLE-B,14,CUST-04
2024-08-27,SAMPLE-B,25,CUST-02
2024-08-28,SAMPLE-B,30,CUST-02
2024-08-28,SAMPLE-B,11,CUST-03
2024-08-29,SAMPLE-A,6,CUST-04
2024-08-29,SAMPLE-A,8,CUST-07
2024-08-29,SAMPLE-B,21,CUST-01
2024-08-29,SAMPLE-B,26,CUST-03
2024-08-29,SAMPLE-B,11,CUST-06
2024-08-29,SAMPLE-C,1,CUST-04
2024-08-30,SAMPLE-B,18,CUST-06
2024-09-02,SAMPLE-A,5,CUST-03
2024-09-02,SAMPLE-B,27,CUST-02
2024-09-02,SAMPLE-B,23,CUST-03
2024-09-02,SAMPLE-B,20,CUST-06
2024-09-03,SAMPLE-A,4,CUST-03
2024-09-03,SAMPLE-A,11,CUST-06
2024-09-03,SAMPLE-A,11,CUST-01
2024-09-03,SAMPLE-A,9,CUST-05
2024-09-03,SAMPLE-B,29,CUST-08
2024-09-04,SAMPLE-A,11,CUST-01
2024-09-04,SAMPLE-A,9,CUST-01
2024-09-04,SAMPLE-B,16,CUST-07
2024-09-04,SAMPLE-B,26,CUST-08
2024-09-04,SAMPLE-B,19,CUST-01
2024-09-05,SAMPLE-B,11,CUST-06
2024-09-05,SAMPLE-B,10,CUST-02
2024-09-05,SAMPLE-B,13,CUST-07
2024-09-05,SAMPLE-B,28,CUST-07
2024-09-05,SAMPLE-B,7,CUST-05
2024-09-05,SAMPLE-B,23,CUST-04
2024-09-06,SAMPLE-A,7,CUST-04
2024-09-06,SAMPLE-B,7,CUST-02
2024-09-06,SAMPLE-B,5,CUST-03
2024-09-06,SAMPLE-B,21,CUST-06
2024-09-06,SAMPLE-B,10,CUST-01
2024-09-09,SAMPLE-A,5,CUST-02
2024-09-09,SAMPLE-B,28,CUST-05
2024-09-09,SAMPLE-B,28,CUST-08
2024-09-09,SAMPLE-B,20,CUST-01
2024-09-10,SAMPLE-A,8,CUST-02
2024-09-10,SAMPLE-A,11,CUST-06
2024-09-10,SAMPLE-A,10,CUST-05
2024-09-10,SAMPLE-B,14,CUST-01
2024-09-10,SAMPLE-B,18,CUST-05
2024-09-10,SAMPLE-C,4,CUST-03
2024-09-11,SAMPLE-A,6,CUST-05
2024-09-11,SAMPLE-A,6,CUST-02
2024-09-11,SAMPLE-B,12,CUST-03
2024-09-12,SAMPLE-A,6,CUST-06
2024-09-12,SAMPLE-B,30,CUST-02
2024-09-13,SAMPLE-A,8,CUST-07
2024-09-13,SAMPLE-A,4,CUST-02
2024-09-13,SAMPLE-A,9,CUST-02
2024-09-13,SAMPLE-B,30,CUST-03
2024-09-13,SAMPLE-B,23,CUST-04
2024-09-13,SAMPLE-B,28,CUST-07
2024-09-16,SAMPLE-A,3,CUST-06
2024-09-16,SAMPLE-A,10,CUST-06
2024-09-16,SAMPLE-B,19,CUST-05
2024-09-16,SAMPLE-B,23,CUST-05
2024-09-16,SAMPLE-C,3,CUST-04
2024-09-17,SAMPLE-A,6,CUST-07
2024-09-17,SAMPLE-A,6,CUST-07
2024-09-17,SAMPLE-A,4,CUST-05
2024-09-17,SAMPLE-B,27,CUST-06
2024-09-17,SAMPLE-B,28,CUST-05
2024-09-17,SAMPLE-B,11,CUST-04
2024-09-17,SAMPLE-C,4,CUST-04
2024-09-18,SAMPLE-A,12,CUST-06
2024-09-18,SAMPLE-B,5,CUST-03
2024-09-18,SAMPLE-B,28,CUST-03
2024-09-19,SAMPLE-A,8,CUST-06
2024-09-19,SAMPLE-B,29,CUST-01
2024-09-19,SAMPLE-B,29,CUST-02
2024-09-19,SAMPLE-B,5,CUST-05
2024-09-20,SAMPLE-A,8,CUST-07
2024-09-20,SAMPLE-A,7,CUST-03
2024-09-20,SAMPLE-A,11,CUST-01
2024-09-20,SAMPLE-B,26,CUST-05
2024-09-20,SAMPLE-B,22,CUST-04
2024-09-23,SAMPLE-A,7,CUST-07
2024-09-23,SAMPLE-B,15,CUST-04
2024-09-23,SAMPLE-B,15,CUST-02
2024-09-23,SAMPLE-B,8,CUST-01
2024-09-23,SAMPLE-B,13,CUST-07
2024-09-23,SAMPLE-B,19,CUST-05
2024-09-24,SAMPLE-A,3,CUST-05
2024-09-24,SAMPLE-A,5,CUST-06
2024-09-24,SAMPLE-A,9,CUST-06
2024-09-24,SAMPLE-C,3,CUST-01
2024-09-25,SAMPLE-A,6,CUST-01
2024-09-25,SAMPLE-B,5,CUST-08
2024-09-25,SAMPLE-B,20,CUST-04
2024-09-25,SAMPLE-B,5,CUST-01
2024-09-25,SAMPLE-B,18,CUST-06
2024-09-25,SAMPLE-B,29,CUST-01
2024-09-25,SAMPLE-B,12,CUST-03
2024-09-25,SAMPLE-C,4,CUST-04
2024-09-26,SAMPLE-A,12,CUST-07
2024-09-26,SAMPLE-B,6,CUST-01
2024-09-26,SAMPLE-B,13,CUST-07
2024-09-26,SAMPLE-B,11,CUST-07
2024-09-26,SAMPLE-B,20,CUST-08
2024-09-27,SAMPLE-A,12,CUST-05
2024-09-27,SAMPLE-B,29,CUST-01
2024-09-27,SAMPLE-B,13,CUST-08
2024-09-27,SAMPLE-B,20,CUST-05
2024-09-27,SAMPLE-B,7,CUST-01
2024-09-27,SAMPLE-B,14,CUST-06
2024-09-27,SAMPLE-B,15,CUST-04
2024-09-30,SAMPLE-A,8,CUST-05
2024-09-30,SAMPLE-A,4,CUST-07
2024-09-30,SAMPLE-A,5,CUST-06
2024-09-30,SAMPLE-B,16,CUST-03
2024-09-30,SAMPLE-B,22,CUST-06
2024-10-01,SAMPLE-B,11,CUST-07
2024-10-01,SAMPLE-B,9,CUST-07
2024-10-01,SAMPLE-B,21,CUST-06
2024-10-01,SAMPLE-B,23,CUST-04
2024-10-01,SAMPLE-B,7,CUST-04
2024-10-01,SAMPLE-B,28,CUST-03
2024-10-01,SAMPLE-C,1,CUST-03
2024-10-02,SAMPLE-B,14,CUST-04
2024-10-02,SAMPLE-B,30,CUST-06
2024-10-03,SAMPLE-A,12,CUST-05
2024-10-03,SAMPLE-B,20,CUST-01
2024-10-03,SAMPLE-B,20,CUST-06
2024-10-04,SAMPLE-A,3,CUST-01
2024-10-04,SAMPLE-A,8,CUST-03
2024-10-04,SAMPLE-B,29,CUST-07
2024-10-04,SAMPLE-B,11,CUST-02
2024-10-07,SAMPLE-B,25,CUST-08
2024-10-07,SAMPLE-B,17,CUST-05
2024-10-07,SAMPLE-B,23,CUST-05
2024-10-07,SAMPLE-B,9,CUST-06
2024-10-08,SAMPLE-A,9,CUST-03
2024-10-08,SAMPLE-B,11,CUST-08
2024-10-08,SAMPLE-C,3,CUST-01
2024-10-09,SAMPLE-A,9,CUST-02
2024-10-10,SAMPLE-B,13,CUST-08
2024-10-10,SAMPLE-B,21,CUST-04
2024-10-10,SAMPLE-B,29,CUST-03
2024-10-10,SAMPLE-B,17,CUST-05
2024-10-10,SAMPLE-B,8,CUST-06
2024-10-10,SAMPLE-B,26,CUST-06
2024-10-11,SAMPLE-A,10,CUST-03
2024-10-11,SAMPLE-B,10,CUST-02
2024-10-11,SAMPLE-B,17,CUST-04
2024-10-14,SAMPLE-A,10,CUST-03
2024-10-14,SAMPLE-B,28,CUST-06
2024-10-14,SAMPLE-B,17,CUST-01
2024-10-14,SAMPLE-B,10,CUST-08
2024-10-14,SAMPLE-C,3,CUST-01
2024-10-15,SAMPLE-B,23,CUST-03
2024-10-15,SAMPLE-B,5,CUST-06
2024-10-15,SAMPLE-B,19,CUST-01
2024-10-15,SAMPLE-B,5,CUST-05
2024-10-15,SAMPLE-B,23,CUST-02
2024-10-16,SAMPLE-A,6,CUST-03
2024-10-16,SAMPLE-A,8,CUST-01
2024-10-16,SAMPLE-A,8,CUST-08
2024-10-16,SAMPLE-A,10,CUST-04
2024-10-16,SAMPLE-B,19,CUST-07
2024-10-16,SAMPLE-B,21,CUST-04
2024-10-17,SAMPLE-A,11,CUST-06
2024-10-17,SAMPLE-A,11,CUST-06
2024-10-17,SAMPLE-B,10,CUST-07
2024-10-18,SAMPLE-A,4,CUST-01
2024-10-18,SAMPLE-A,9,CUST-03
2024-10-18,SAMPLE-B,10,CUST-02
2024-10-18,SAMPLE-B,17,CUST-08
2024-10-18,SAMPLE-B,18,CUST-02
2024-10-21,SAMPLE-A,11,CUST-01
2024-10-21,SAMPLE-B,29,CUST-02
2024-10-21,SAMPLE-B,15,CUST-04
2024-10-21,SAMPLE-B,9,CUST-08
2024-10-21,SAMPLE-C,2,CUST-02
2024-10-22,SAMPLE-B,21,CUST-01
2024-10-22,SAMPLE-B,27,CUST-04
2024-10-22,SAMPLE-B,27,CUST-02
2024-10-23,SAMPLE-B,30,CUST-06
2024-10-23,SAMPLE-B,24,CUST-05
2024-10-24,SAMPLE-B,18,CUST-07
2024-10-24,SAMPLE-B,10,CUST-05
2024-10-24,SAMPLE-B,26,CUST-08
2024-10-24,SAMPLE-B,17,CUST-06
2024-10-25,SAMPLE-A,10,CUST-07
2024-10-25,SAMPLE-B,10,CUST-02
2024-10-25,SAMPLE-B,23,CUST-06
2024-10-25,SAMPLE-B,25,CUST-05
2024-10-25,SAMPLE-B,17,CUST-07
2024-10-28,SAMPLE-A,9,CUST-04
2024-10-28,SAMPLE-B,19,CUST-05
2024-10-28,SAMPLE-B,9,CUST-04
2024-10-28,SAMPLE-B,13,CUST-08
2024-10-28,SAMPLE-B,13,CUST-08
2024-10-28,SAMPLE-B,7,CUST-07
2024-10-29,SAMPLE-A,3,CUST-06
2024-10-29,SAMPLE-A,5,CUST-06
2024-10-29,SAMPLE-B,11,CUST-08
2024-10-29,SAMPLE-B,26,CUST-03
2024-10-29,SAMPLE-B,23,CUST-02
2024-10-30,SAMPLE-A,9,CUST-08
2024-10-30,SAMPLE-B,5,CUST-07
2024-10-30,SAMPLE-B,7,CUST-02
2024-10-30,SAMPLE-C,4,CUST-02
2024-10-31,SAMPLE-B,19,CUST-01
2024-10-31,SAMPLE-B,14,CUST-08
2024-11-01,SAMPLE-A,9,CUST-05
2024-11-01,SAMPLE-B,7,CUST-03
2024-11-01,SAMPLE-B,24,CUST-02
2024-11-04,SAMPLE-B,24,CUST-04
2024-11-04,SAMPLE-B,5,CUST-08
2024-11-04,SAMPLE-B,28,CUST-08
2024-11-04,SAMPLE-B,13,CUST-07
2024-11-05,SAMPLE-A,5,CUST-06
2024-11-05,SAMPLE-A,8,CUST-05
2024-11-05,SAMPLE-A,12,CUST-08
2024-11-05,SAMPLE-B,26,CUST-02
2024-11-05,SAMPLE-B,22,CUST-07
2024-11-05,SAMPLE-B,27,CUST-07
2024-11-05,SAMPLE-B,22,CUST-07
2024-11-05,SAMPLE-B,7,CUST-02
2024-11-06,SAMPLE-A,12,CUST-06
2024-11-06,SAMPLE-A,9,CUST-01
2024-11-06,SAMPLE-A,11,CUST-08
2024-11-06,SAMPLE-B,21,CUST-03
2024-11-06,SAMPLE-B,25,CUST-02
2024-11-07,SAMPLE-B,11,CUST-04
2024-11-07,SAMPLE-B,26,CUST-03
2024-11-07,SAMPLE-B,27,CUST-01
2024-11-07,SAMPLE-B,25,CUST-02
2024-11-08,SAMPLE-A,9,CUST-06
2024-11-08,SAMPLE-B,5,CUST-04
2024-11-11,SAMPLE-B,26,CUST-08
2024-11-11,SAMPLE-B,22,CUST-01
2024-11-11,SAMPLE-B,10,CUST-05
2024-11-11,SAMPLE-B,13,CUST-08
2024-11-12,SAMPLE-A,7,CUST-06
2024-11-12,SAMPLE-A,6,CUST-03
2024-11-12,SAMPLE-B,17,CUST-02
2024-11-13,SAMPLE-A,11,CUST-03
2024-11-13,SAMPLE-B,26,CUST-03
2024-11-13,SAMPLE-B,30,CUST-05
2024-11-13,SAMPLE-B,5,CUST-08
2024-11-14,SAMPLE-A,12,CUST-02
2024-11-14,SAMPLE-B,8,CUST-06
2024-11-14,SAMPLE-B,27,CUST-01
2024-11-14,SAMPLE-B,30,CUST-06
2024-11-15,SAMPLE-A,8,CUST-05
2024-11-15,SAMPLE-B,6,CUST-02
2024-11-15,SAMPLE-B,26,CUST-06
2024-11-15,SAMPLE-B,26,CUST-08
2024-11-15,SAMPLE-B,12,CUST-04
2024-11-18,SAMPLE-A,6,CUST-04
2024-11-18,SAMPLE-A,12,CUST-04
2024-11-18,SAMPLE-A,3,CUST-06
2024-11-18,SAMPLE-B,17,CUST-08
2024-11-18,SAMPLE-B,13,CUST-06
2024-11-18,SAMPLE-B,16,CUST-06
2024-11-18,SAMPLE-B,21,CUST-04
2024-11-18,SAMPLE-B,11,CUST-04
2024-11-18,SAMPLE-B,23,CUST-07
2024-11-19,SAMPLE-A,6,CUST-03
2024-11-19,SAMPLE-B,10,CUST-07
2024-11-19,SAMPLE-B,24,CUST-07
2024-11-19,SAMPLE-B,26,CUST-03
2024-11-19,SAMPLE-B,11,CUST-01
2024-11-19,SAMPLE-C,1,CUST-04
2024-11-20,SAMPLE-A,10,CUST-03
2024-11-20,SAMPLE-B,6,CUST-07
2024-11-20,SAMPLE-B,21,CUST-08
2024-11-20,SAMPLE-B,10,CUST-02
2024-11-20,SAMPLE-B,14,CUST-07
2024-11-20,SAMPLE-B,19,CUST-04
2024-11-20,SAMPLE-B,23,CUST-08
2024-11-20,SAMPLE-B,24,CUST-05
2024-11-21,SAMPLE-B,12,CUST-04
2024-11-21,SAMPLE-B,26,CUST-07
2024-11-21,SAMPLE-B,24,CUST-05
2024-11-21,SAMPLE-B,21,CUST-08
2024-11-21,SAMPLE-B,19,CUST-03
2024-11-22,SAMPLE-B,19,CUST-05
2024-11-22,SAMPLE-B,5,CUST-08
2024-11-22,SAMPLE-B,15,CUST-05
2024-11-22,SAMPLE-B,6,CUST-02
2024-11-22,SAMPLE-B,19,CUST-05
2024-11-22,SAMPLE-B,17,CUST-01
2024-11-25,SAMPLE-B,10,CUST-08
2024-11-25,SAMPLE-B,23,CUST-06
2024-11-25,SAMPLE-B,14,CUST-06
2024-11-25,SAMPLE-B,14,CUST-04
2024-11-26,SAMPLE-B,5,CUST-06
2024-11-26,SAMPLE-B,10,CUST-08
2024-11-27,SAMPLE-A,12,CUST-02
2024-11-27,SAMPLE-A,9,CUST-06
2024-11-27,SAMPLE-B,13,CUST-04
2024-11-27,SAMPLE-B,28,CUST-08
2024-11-27,SAMPLE-B,17,CUST-03
2024-11-27,SAMPLE-B,10,CUST-02
2024-11-27,SAMPLE-B,15,CUST-07
2024-11-28,SAMPLE-A,10,CUST-06
2024-11-28,SAMPLE-B,5,CUST-08
2024-11-28,SAMPLE-B,28,CUST-08
2024-11-28,SAMPLE-B,17,CUST-05
2024-11-28,SAMPLE-B,21,CUST-05
2024-11-28,SAMPLE-B,30,CUST-02
2024-11-28,SAMPLE-B,5,CUST-05
2024-11-29,SAMPLE-A,5,CUST-05
2024-11-29,SAMPLE-B,19,CUST-02
2024-11-29,SAMPLE-B,25,CUST-06
2024-12-02,SAMPLE-A,12,CUST-01
2024-12-02,SAMPLE-A,9,CUST-05
2024-12-02,SAMPLE-B,11,CUST-06
2024-12-02,SAMPLE-B,15,CUST-08
2024-12-02,SAMPLE-B,22,CUST-04
2024-12-02,SAMPLE-B,14,CUST-03
2024-12-02,SAMPLE-B,8,CUST-03
2024-12-02,SAMPLE-B,19,CUST-04
2024-12-02,SAMPLE-B,25,CUST-08
2024-12-02,SAMPLE-B,7,CUST-04
2024-12-02,SAMPLE-C,4,CUST-04
2024-12-02,SAMPLE-C,4,CUST-01
2024-12-03,SAMPLE-A,6,CUST-07
2024-12-03,SAMPLE-A,3,CUST-06
2024-12-03,SAMPLE-B,9,CUST-06
2024-12-03,SAMPLE-B,13,CUST-05
2024-12-03,SAMPLE-B,7,CUST-07
2024-12-03,SAMPLE-B,28,CUST-03
2024-12-03,SAMPLE-B,15,CUST-05
2024-12-03,SAMPLE-B,26,CUST-02
2024-12-03,SAMPLE-B,6,CUST-08
2024-12-03,SAMPLE-B,30,CUST-03
2024-12-04,SAMPLE-A,7,CUST-01
2024-12-04,SAMPLE-B,25,CUST-07
2024-12-04,SAMPLE-B,26,CUST-05
2024-12-04,SAMPLE-B,11,CUST-02
2024-12-04,SAMPLE-C,4,CUST-03
2024-12-05,SAMPLE-A,5,CUST-06
2024-12-05,SAMPLE-A,4,CUST-01
2024-12-05,SAMPLE-B,29,CUST-01
2024-12-05,SAMPLE-B,21,CUST-01
2024-12-05,SAMPLE-B,14,CUST-02
2024-12-05,SAMPLE-B,8,CUST-01
2024-12-06,SAMPLE-A,11,CUST-05
2024-12-06,SAMPLE-A,6,CUST-07
2024-12-06,SAMPLE-B,14,CUST-08
2024-12-06,SAMPLE-B,18,CUST-01
2024-12-06,SAMPLE-B,20,CUST-08
2024-12-09,SAMPLE-A,12,CUST-01
2024-12-09,SAMPLE-C,2,CUST-04
2024-12-09,SAMPLE-C,1,CUST-02
2024-12-10,SAMPLE-B,12,CUST-08
2024-12-10,SAMPLE-B,13,CUST-04
2024-12-10,SAMPLE-B,23,CUST-01
2024-12-10,SAMPLE-B,15,CUST-04
2024-12-10,SAMPLE-C,2,CUST-01
2024-12-11,SAMPLE-B,25,CUST-08
2024-12-11,SAMPLE-B,28,CUST-03
2024-12-11,SAMPLE-B,27,CUST-05
2024-12-11,SAMPLE-B,24,CUST-04
2024-12-12,SAMPLE-B,18,CUST-02
2024-12-12,SAMPLE-B,27,CUST-02
2024-12-12,SAMPLE-B,5,CUST-01
2024-12-12,SAMPLE-B,11,CUST-07
2024-12-12,SAMPLE-B,6,CUST-01
2024-12-12,SAMPLE-B,6,CUST-07
2024-12-13,SAMPLE-A,9,CUST-05
2024-12-13,SAMPLE-A,7,CUST-03
2024-12-13,SAMPLE-A,9,CUST-06
2024-12-13,SAMPLE-A,8,CUST-08
2024-12-13,SAMPLE-B,18,CUST-04
2024-12-13,SAMPLE-B,17,CUST-07
2024-12-13,SAMPLE-C,3,CUST-01
2024-12-16,SAMPLE-A,9,CUST-06
2024-12-16,SAMPLE-A,5,CUST-01
2024-12-16,SAMPLE-B,17,CUST-02
2024-12-17,SAMPLE-A,9,CUST-08
2024-12-17,SAMPLE-B,25,CUST-01
2024-12-17,SAMPLE-B,22,CUST-03
2024-12-17,SAMPLE-B,16,CUST-05
2024-12-17,SAMPLE-B,28,CUST-01
2024-12-17,SAMPLE-B,25,CUST-06
2024-12-17,SAMPLE-B,20,CUST-07
2024-12-18,SAMPLE-A,10,CUST-02
2024-12-18,SAMPLE-A,12,CUST-07
2024-12-18,SAMPLE-B,13,CUST-08
2024-12-18,SAMPLE-C,2,CUST-02
2024-12-19,SAMPLE-A,11,CUST-05
2024-12-19,SAMPLE-A,3,CUST-01
2024-12-19,SAMPLE-B,17,CUST-02
2024-12-19,SAMPLE-B,29,CUST-05
2024-12-19,SAMPLE-B,20,CUST-08
2024-12-19,SAMPLE-B,8,CUST-03
2024-12-19,SAMPLE-B,6,CUST-02
2024-12-20,SAMPLE-B,19,CUST-08
2024-12-20,SAMPLE-B,13,CUST-05
2024-12-20,SAMPLE-B,29,CUST-02
2024-12-20,SAMPLE-B,18,CUST-07
2024-12-20,SAMPLE-B,30,CUST-05
2024-12-20,SAMPLE-B,26,CUST-02
2024-12-23,SAMPLE-A,8,CUST-01
2024-12-23,SAMPLE-B,13,CUST-06
2024-12-23,SAMPLE-C,2,CUST-01
2024-12-24,SAMPLE-B,5,CUST-05
2024-12-24,SAMPLE-B,5,CUST-08
2024-12-24,SAMPLE-B,30,CUST-02
2024-12-24,SAMPLE-B,8,CUST-05
2024-12-24,SAMPLE-B,18,CUST-07
2024-12-24,SAMPLE-C,1,CUST-04
2024-12-25,SAMPLE-A,10,CUST-03
2024-12-25,SAMPLE-A,10,CUST-06
2024-12-25,SAMPLE-B,17,CUST-06
2024-12-25,SAMPLE-B,7,CUST-02
2024-12-25,SAMPLE-B,25,CUST-01
2024-12-25,SAMPLE-B,28,CUST-07
2024-12-25,SAMPLE-B,20,CUST-08
2024-12-26,SAMPLE-A,5,CUST-07
2024-12-26,SAMPLE-A,7,CUST-06
2024-12-26,SAMPLE-B,18,CUST-02
2024-12-26,SAMPLE-B,7,CUST-04
2024-12-27,SAMPLE-B,13,CUST-03
2024-12-27,SAMPLE-B,29,CUST-04
2024-12-27,SAMPLE-B,12,CUST-01
2024-12-27,SAMPLE-B,22,CUST-03
2024-12-27,SAMPLE-C,3,CUST-04
2024-12-27,SAMPLE-C,3,CUST-01
2025-01-06,SAMPLE-A,12,CUST-02
2025-01-06,SAMPLE-B,18,CUST-01
2025-01-06,SAMPLE-B,24,CUST-02
2025-01-07,SAMPLE-B,18,CUST-04
2025-01-07,SAMPLE-B,13,CUST-06
2025-01-07,SAMPLE-B,24,CUST-01
2025-01-08,SAMPLE-A,8,CUST-03
2025-01-08,SAMPLE-A,8,CUST-03
2025-01-08,SAMPLE-A,4,CUST-04
2025-01-08,SAMPLE-B,19,CUST-05
2025-01-08,SAMPLE-B,14,CUST-06
2025-01-08,SAMPLE-B,24,CUST-01
2025-01-09,SAMPLE-A,7,CUST-07
2025-01-09,SAMPLE-A,9,CUST-04
2025-01-09,SAMPLE-A,7,CUST-04
2025-01-09,SAMPLE-A,11,CUST-02
2025-01-09,SAMPLE-B,28,CUST-03
2025-01-09,SAMPLE-B,20,CUST-05
2025-01-09,SAMPLE-B,10,CUST-02
2025-01-10,SAMPLE-B,21,CUST-04
2025-01-10,SAMPLE-B,16,CUST-08
2025-01-10,SAMPLE-B,8,CUST-01
2025-01-10,SAMPLE-B,20,CUST-04
2025-01-13,SAMPLE-A,6,CUST-03
2025-01-13,SAMPLE-B,12,CUST-01
2025-01-14,SAMPLE-A,4,CUST-04
2025-01-14,SAMPLE-B,21,CUST-02
2025-01-14,SAMPLE-B,14,CUST-07
2025-01-14,SAMPLE-B,24,CUST-06
2025-01-14,SAMPLE-B,30,CUST-06
2025-01-14,SAMPLE-C,3,CUST-01
2025-01-14,SAMPLE-C,1,CUST-02
2025-01-15,SAMPLE-A,7,CUST-04
2025-01-15,SAMPLE-B,27,CUST-02
2025-01-16,SAMPLE-B,6,CUST-06
2025-01-16,SAMPLE-B,24,CUST-07
2025-01-16,SAMPLE-B,9,CUST-03
2025-01-16,SAMPLE-B,10,CUST-04
2025-01-16,SAMPLE-C,1,CUST-01
2025-01-16,SAMPLE-C,1,CUST-04
2025-01-17,SAMPLE-B,24,CUST-08
2025-01-17,SAMPLE-B,10,CUST-01
2025-01-20,SAMPLE-B,8,CUST-06
2025-01-21,SAMPLE-A,6,CUST-07
2025-01-21,SAMPLE-B,20,CUST-04
2025-01-23,SAMPLE-B,11,CUST-02
2025-01-24,SAMPLE-B,11,CUST-07
2025-01-24,SAMPLE-B,11,CUST-07
2025-01-24,SAMPLE-B,24,CUST-01
2025-01-24,SAMPLE-C,3,CUST-02
2025-01-27,SAMPLE-A,5,CUST-07
2025-01-27,SAMPLE-A,9,CUST-05
2025-01-27,SAMPLE-A,7,CUST-03
2025-01-27,SAMPLE-B,11,CUST-05
2025-01-28,SAMPLE-A,3,CUST-02
2025-01-28,SAMPLE-A,5,CUST-07
2025-01-28,SAMPLE-B,28,CUST-02
2025-01-29,SAMPLE-A,11,CUST-06
2025-01-29,SAMPLE-B,23,CUST-06
2025-01-29,SAMPLE-B,20,CUST-06
2025-01-30,SAMPLE-A,10,CUST-05
2025-01-30,SAMPLE-B,21,CUST-01
2025-01-30,SAMPLE-B,27,CUST-02
2025-01-30,SAMPLE-B,8,CUST-03
2025-01-30,SAMPLE-B,27,CUST-03
2025-01-30,SAMPLE-B,11,CUST-03
2025-01-31,SAMPLE-A,9,CUST-06
2025-01-31,SAMPLE-A,4,CUST-06
2025-01-31,SAMPLE-B,10,CUST-03
2025-01-31,SAMPLE-B,17,CUST-01
2025-02-03,SAMPLE-A,4,CUST-07
2025-02-03,SAMPLE-A,11,CUST-08
2025-02-03,SAMPLE-B,15,CUST-02
2025-02-03,SAMPLE-B,28,CUST-04
2025-02-03,SAMPLE-C,4,CUST-04
2025-02-04,SAMPLE-A,9,CUST-04
2025-02-04,SAMPLE-A,9,CUST-08
2025-02-04,SAMPLE-B,25,CUST-04
2025-02-05,SAMPLE-B,28,CUST-08
2025-02-05,SAMPLE-B,6,CUST-01
2025-02-05,SAMPLE-B,6,CUST-02
2025-02-06,SAMPLE-B,27,CUST-04
2025-02-06,SAMPLE-B,21,CUST-04
2025-02-06,SAMPLE-B,30,CUST-03
2025-02-06,SAMPLE-B,17,CUST-01
2025-02-07,SAMPLE-B,25,CUST-08
2025-02-07,SAMPLE-B,9,CUST-08
2025-02-07,SAMPLE-B,30,CUST-05
2025-02-10,SAMPLE-B,28,CUST-07
2025-02-10,SAMPLE-B,18,CUST-04
2025-02-11,SAMPLE-B,25,CUST-05
2025-02-11,SAMPLE-B,22,CUST-01
2025-02-11,SAMPLE-B,20,CUST-06
2025-02-11,SAMPLE-B,25,CUST-05
2025-02-11,SAMPLE-B,26,CUST-01
2025-02-12,SAMPLE-A,7,CUST-06
2025-02-12,SAMPLE-A,12,CUST-05
2025-02-12,SAMPLE-B,14,CUST-08
2025-02-12,SAMPLE-B,22,CUST-03
2025-02-12,SAMPLE-B,8,CUST-06
2025-02-12,SAMPLE-B,6,CUST-03
2025-02-12,SAMPLE-B,19,CUST-06
2025-02-12,SAMPLE-B,7,CUST-07
2025-02-12,SAMPLE-B,27,CUST-01
2025-02-12,SAMPLE-B,28,CUST-07
2025-02-12,SAMPLE-B,14,CUST-05
2025-02-12,SAMPLE-B,20,CUST-03
2025-02-13,SAMPLE-A,4,CUST-07
2025-02-13,SAMPLE-A,4,CUST-06
2025-02-13,SAMPLE-B,19,CUST-04
2025-02-13,SAMPLE-C,2,CUST-01
2025-02-14,SAMPLE-A,10,CUST-01
2025-02-14,SAMPLE-B,20,CUST-03
2025-02-14,SAMPLE-B,12,CUST-03
2025-02-17,SAMPLE-A,11,CUST-07
2025-02-17,SAMPLE-B,13,CUST-08
2025-02-17,SAMPLE-B,14,CUST-04
2025-02-17,SAMPLE-B,9,CUST-08
2025-02-17,SAMPLE-B,14,CUST-03
2025-02-18,SAMPLE-B,23,CUST-01
2025-02-18,SAMPLE-B,12,CUST-03
2025-02-18,SAMPLE-B,7,CUST-01
2025-02-18,SAMPLE-B,24,CUST-04
2025-02-19,SAMPLE-A,12,CUST-02
2025-02-19,SAMPLE-A,10,CUST-05
2025-02-19,SAMPLE-B,18,CUST-05
2025-02-19,SAMPLE-B,8,CUST-02
2025-02-19,SAMPLE-C,3,CUST-01
2025-02-20,SAMPLE-B,6,CUST-06
2025-02-20,SAMPLE-B,23,CUST-05
2025-02-20,SAMPLE-B,6,CUST-08
2025-02-20,SAMPLE-B,18,CUST-06
2025-02-20,SAMPLE-C,1,CUST-04
2025-02-21,SAMPLE-A,3,CUST-03
2025-02-21,SAMPLE-A,11,CUST-02
2025-02-21,SAMPLE-A,9,CUST-06
2025-02-21,SAMPLE-B,11,CUST-04
2025-02-21,SAMPLE-B,16,CUST-02
2025-02-21,SAMPLE-B,7,CUST-08
2025-02-24,SAMPLE-A,3,CUST-04
2025-02-24,SAMPLE-A,12,CUST-08
2025-02-24,SAMPLE-B,26,CUST-03
2025-02-24,SAMPLE-B,25,CUST-02
2025-02-25,SAMPLE-A,8,CUST-04
2025-02-25,SAMPLE-A,7,CUST-07
2025-02-25,SAMPLE-B,19,CUST-05
2025-02-25,SAMPLE-B,30,CUST-05
2025-02-25,SAMPLE-B,9,CUST-01
2025-02-25,SAMPLE-B,20,CUST-03
2025-02-25,SAMPLE-B,9,CUST-05
2025-02-26,SAMPLE-B,29,CUST-01
2025-02-26,SAMPLE-B,16,CUST-02
2025-02-26,SAMPLE-B,7,CUST-07
2025-02-26,SAMPLE-C,2,CUST-01
2025-02-27,SAMPLE-A,12,CUST-02
2025-02-27,SAMPLE-A,7,CUST-03
2025-02-27,SAMPLE-A,12,CUST-03
2025-02-27,SAMPLE-A,12,CUST-01
2025-02-27,SAMPLE-B,30,CUST-05
2025-02-27,SAMPLE-B,20,CUST-08
2025-02-27,SAMPLE-B,21,CUST-01
2025-02-28,SAMPLE-A,7,CUST-07
2025-02-28,SAMPLE-B,19,CUST-08
2025-03-03,SAMPLE-A,5,CUST-03
2025-03-03,SAMPLE-A,6,CUST-05
2025-03-03,SAMPLE-A,6,CUST-07
2025-03-03,SAMPLE-B,29,CUST-01
2025-03-03,SAMPLE-B,27,CUST-07
2025-03-04,SAMPLE-A,3,CUST-07
2025-03-04,SAMPLE-B,13,CUST-06
2025-03-04,SAMPLE-B,25,CUST-04
2025-03-04,SAMPLE-C,4,CUST-04
2025-03-05,SAMPLE-A,11,CUST-02
2025-03-05,SAMPLE-A,5,CUST-04
2025-03-05,SAMPLE-B,18,CUST-07
2025-03-05,SAMPLE-B,8,CUST-08
2025-03-05,SAMPLE-B,7,CUST-05
2025-03-05,SAMPLE-B,15,CUST-02
2025-03-06,SAMPLE-A,12,CUST-07
2025-03-06,SAMPLE-B,10,CUST-05
2025-03-06,SAMPLE-B,29,CUST-03
2025-03-06,SAMPLE-B,20,CUST-01
2025-03-06,SAMPLE-B,18,CUST-06
2025-03-07,SAMPLE-A,8,CUST-03
2025-03-07,SAMPLE-A,8,CUST-02
2025-03-07,SAMPLE-B,12,CUST-04
2025-03-07,SAMPLE-B,12,CUST-07
2025-03-07,SAMPLE-B,6,CUST-04
2025-03-10,SAMPLE-A,11,CUST-01
2025-03-10,SAMPLE-A,7,CUST-03
2025-03-10,SAMPLE-A,9,CUST-06
2025-03-10,SAMPLE-B,16,CUST-04
2025-03-10,SAMPLE-B,13,CUST-03
2025-03-10,SAMPLE-B,25,CUST-06
2025-03-10,SAMPLE-B,14,CUST-01
2025-03-10,SAMPLE-B,18,CUST-08
2025-03-10,SAMPLE-B,13,CUST-01
2025-03-11,SAMPLE-A,3,CUST-02
2025-03-11,SAMPLE-B,13,CUST-05
2025-03-11,SAMPLE-B,19,CUST-05
2025-03-11,SAMPLE-B,27,CUST-02
2025-03-11,SAMPLE-B,9,CUST-05
2025-03-11,SAMPLE-B,8,CUST-03
2025-03-12,SAMPLE-A,12,CUST-08
2025-03-12,SAMPLE-A,10,CUST-03
2025-03-12,SAMPLE-A,3,CUST-03
2025-03-12,SAMPLE-A,3,CUST-03
2025-03-12,SAMPLE-A,10,CUST-02
2025-03-12,SAMPLE-B,7,CUST-03
2025-03-12,SAMPLE-B,18,CUST-06
2025-03-12,SAMPLE-B,15,CUST-07
2025-03-12,SAMPLE-B,19,CUST-02
2025-03-12,SAMPLE-B,5,CUST-01
2025-03-12,SAMPLE-B,24,CUST-01
2025-03-12,SAMPLE-B,16,CUST-08
2025-03-12,SAMPLE-B,9,CUST-04
2025-03-12,SAMPLE-B,6,CUST-04
2025-03-13,SAMPLE-A,6,CUST-04
2025-03-13,SAMPLE-A,11,CUST-01
2025-03-13,SAMPLE-A,12,CUST-04
2025-03-13,SAMPLE-A,8,CUST-08
2025-03-13,SAMPLE-A,8,CUST-03
2025-03-13,SAMPLE-B,16,CUST-03
2025-03-13,SAMPLE-B,13,CUST-07
2025-03-13,SAMPLE-B,22,CUST-04
2025-03-13,SAMPLE-B,6,CUST-07
2025-03-14,SAMPLE-B,29,CUST-07
2025-03-14,SAMPLE-B,10,CUST-06
2025-03-14,SAMPLE-B,12,CUST-07
2025-03-14,SAMPLE-B,20,CUST-06
2025-03-14,SAMPLE-B,29,CUST-03
2025-03-14,SAMPLE-B,27,CUST-03
2025-03-14,SAMPLE-B,23,CUST-02
2025-03-14,SAMPLE-B,10,CUST-02
2025-03-14,SAMPLE-B,9,CUST-01
2025-03-14,SAMPLE-B,26,CUST-01
2025-03-14,SAMPLE-B,8,CUST-08
2025-03-14,SAMPLE-C,4,CUST-03
2025-03-14,SAMPLE-C,1,CUST-03
2025-03-17,SAMPLE-B,5,CUST-04
2025-03-17,SAMPLE-B,7,CUST-05
2025-03-18,SAMPLE-A,10,CUST-02
2025-03-18,SAMPLE-A,6,CUST-06
2025-03-18,SAMPLE-A,8,CUST-06
2025-03-18,SAMPLE-A,5,CUST-08
2025-03-18,SAMPLE-B,22,CUST-05
2025-03-18,SAMPLE-B,21,CUST-05
2025-03-18,SAMPLE-B,6,CUST-02
2025-03-18,SAMPLE-B,20,CUST-02
2025-03-19,SAMPLE-B,30,CUST-02
2025-03-19,SAMPLE-B,16,CUST-05
2025-03-19,SAMPLE-B,18,CUST-02
2025-03-19,SAMPLE-B,22,CUST-07
2025-03-19,SAMPLE-B,13,CUST-07
2025-03-20,SAMPLE-A,5,CUST-03
2025-03-20,SAMPLE-A,3,CUST-06
2025-03-20,SAMPLE-B,19,CUST-05
2025-03-20,SAMPLE-B,28,CUST-08
2025-03-21,SAMPLE-A,8,CUST-02
2025-03-21,SAMPLE-B,13,CUST-01
2025-03-21,SAMPLE-B,7,CUST-02
2025-03-24,SAMPLE-A,9,CUST-01
2025-03-24,SAMPLE-B,15,CUST-06
2025-03-24,SAMPLE-B,17,CUST-02
2025-03-24,SAMPLE-B,6,CUST-04
2025-03-24,SAMPLE-B,5,CUST-06
2025-03-24,SAMPLE-B,5,CUST-04
2025-03-25,SAMPLE-A,9,CUST-02
2025-03-25,SAMPLE-A,11,CUST-08
2025-03-25,SAMPLE-B,29,CUST-01
2025-03-25,SAMPLE-B,20,CUST-02
2025-03-25,SAMPLE-B,5,CUST-02
2025-03-25,SAMPLE-B,19,CUST-02
2025-03-25,SAMPLE-B,19,CUST-03
2025-03-25,SAMPLE-B,12,CUST-04
2025-03-25,SAMPLE-C,1,CUST-03
2025-03-26,SAMPLE-A,11,CUST-02
2025-03-26,SAMPLE-B,7,CUST-08
2025-03-26,SAMPLE-B,20,CUST-06
2025-03-26,SAMPLE-B,12,CUST-01
2025-03-26,SAMPLE-B,13,CUST-08
2025-03-26,SAMPLE-B,25,CUST-03
2025-03-26,SAMPLE-B,26,CUST-03
2025-03-26,SAMPLE-B,28,CUST-06
2025-03-27,SAMPLE-A,4,CUST-06
2025-03-27,SAMPLE-A,12,CUST-02
2025-03-27,SAMPLE-A,5,CUST-03
2025-03-27,SAMPLE-A,10,CUST-01
2025-03-27,SAMPLE-B,14,CUST-08
2025-03-27,SAMPLE-B,27,CUST-03
2025-03-28,SAMPLE-A,3,CUST-05
2025-03-28,SAMPLE-B,26,CUST-08
2025-03-28,SAMPLE-B,15,CUST-07
2025-03-28,SAMPLE-B,23,CUST-01
2025-03-28,SAMPLE-B,13,CUST-05
2025-03-28,SAMPLE-C,3,CUST-01
2025-03-31,SAMPLE-A,5,CUST-02
2025-03-31,SAMPLE-A,7,CUST-04
2025-03-31,SAMPLE-A,6,CUST-02
2025-03-31,SAMPLE-B,17,CUST-04
2025-03-31,SAMPLE-B,18,CUST-06
2025-03-31,SAMPLE-B,28,CUST-02
2025-03-31,SAMPLE-B,23,CUST-07
2025-04-01,SAMPLE-A,10,CUST-05
2025-04-01,SAMPLE-A,10,CUST-02
2025-04-01,SAMPLE-B,21,CUST-08
2025-04-01,SAMPLE-B,24,CUST-07
2025-04-01,SAMPLE-B,16,CUST-07
2025-04-01,SAMPLE-B,9,CUST-05
2025-04-01,SAMPLE-B,26,CUST-07
2025-04-01,SAMPLE-B,27,CUST-04
2025-04-01,SAMPLE-C,4,CUST-01
2025-04-02,SAMPLE-A,10,CUST-04
2025-04-02,SAMPLE-B,18,CUST-03
2025-04-02,SAMPLE-B,18,CUST-02
2025-04-02,SAMPLE-B,16,CUST-07
2025-04-02,SAMPLE-B,12,CUST-07
2025-04-02,SAMPLE-B,18,CUST-05
2025-04-02,SAMPLE-B,17,CUST-08
2025-04-03,SAMPLE-B,11,CUST-05
2025-04-03,SAMPLE-B,5,CUST-05
2025-04-03,SAMPLE-B,12,CUST-06
2025-04-03,SAMPLE-B,22,CUST-04
2025-04-03,SAMPLE-B,20,CUST-06
2025-04-03,SAMPLE-B,15,CUST-05
2025-04-04,SAMPLE-A,6,CUST-04
2025-04-04,SAMPLE-A,10,CUST-01
2025-04-04,SAMPLE-B,17,CUST-01
2025-04-04,SAMPLE-B,5,CUST-02
2025-04-04,SAMPLE-B,11,CUST-03
2025-04-04,SAMPLE-B,9,CUST-03
2025-04-04,SAMPLE-C,1,CUST-02
2025-04-07,SAMPLE-A,3,CUST-07
2025-04-07,SAMPLE-B,25,CUST-04
2025-04-08,SAMPLE-B,30,CUST-06
2025-04-08,SAMPLE-B,8,CUST-08
2025-04-08,SAMPLE-B,19,CUST-04
2025-04-08,SAMPLE-B,18,CUST-04
2025-04-09,SAMPLE-B,20,CUST-05
2025-04-09,SAMPLE-B,23,CUST-04
2025-04-09,SAMPLE-B,11,CUST-06
2025-04-09,SAMPLE-B,24,CUST-02
2025-04-10,SAMPLE-B,14,CUST-07
2025-04-10,SAMPLE-B,14,CUST-06
2025-04-10,SAMPLE-B,25,CUST-07
2025-04-10,SAMPLE-B,20,CUST-06
2025-04-11,SAMPLE-B,26,CUST-03
2025-04-11,SAMPLE-B,14,CUST-04
2025-04-11,SAMPLE-B,28,CUST-07
2025-04-11,SAMPLE-B,24,CUST-06
2025-04-11,SAMPLE-C,4,CUST-03
2025-04-14,SAMPLE-A,10,CUST-03
2025-04-14,SAMPLE-B,22,CUST-05
2025-04-14,SAMPLE-B,24,CUST-04
2025-04-14,SAMPLE-B,21,CUST-05
2025-04-15,SAMPLE-A,6,CUST-08
2025-04-15,SAMPLE-A,12,CUST-02
2025-04-15,SAMPLE-A,12,CUST-01
2025-04-15,SAMPLE-B,9,CUST-01
2025-04-15,SAMPLE-B,22,CUST-03
2025-04-15,SAMPLE-B,19,CUST-01
2025-04-15,SAMPLE-B,28,CUST-04
2025-04-16,SAMPLE-A,12,CUST-04
2025-04-16,SAMPLE-B,15,CUST-02
2025-04-16,SAMPLE-B,29,CUST-07
2025-04-17,SAMPLE-B,25,CUST-08
2025-04-17,SAMPLE-B,16,CUST-02
2025-04-17,SAMPLE-B,13,CUST-07
2025-04-17,SAMPLE-B,30,CUST-07
2025-04-18,SAMPLE-A,12,CUST-08
2025-04-18,SAMPLE-B,28,CUST-05
2025-04-18,SAMPLE-B,18,CUST-05
2025-04-21,SAMPLE-B,17,CUST-04
2025-04-21,SAMPLE-B,27,CUST-04
2025-04-21,SAMPLE-B,21,CUST-02
2025-04-21,SAMPLE-B,15,CUST-07
2025-04-21,SAMPLE-C,1,CUST-03
2025-04-22,SAMPLE-B,15,CUST-02
2025-04-22,SAMPLE-B,19,CUST-06
2025-04-22,SAMPLE-B,6,CUST-05
2025-04-22,SAMPLE-B,27,CUST-04
2025-04-22,SAMPLE-B,27,CUST-07
2025-04-22,SAMPLE-B,14,CUST-07
2025-04-23,SAMPLE-A,5,CUST-07
2025-04-23,SAMPLE-A,5,CUST-01
2025-04-23,SAMPLE-A,11,CUST-01
2025-04-23,SAMPLE-B,28,CUST-07
2025-04-23,SAMPLE-B,8,CUST-01
2025-04-23,SAMPLE-B,19,CUST-01
2025-04-24,SAMPLE-A,4,CUST-02
2025-04-24,SAMPLE-A,3,CUST-05
2025-04-24,SAMPLE-B,12,CUST-05
2025-04-24,SAMPLE-B,23,CUST-04
2025-04-24,SAMPLE-B,30,CUST-07
2025-04-24,SAMPLE-B,30,CUST-04
2025-04-24,SAMPLE-C,4,CUST-03
2025-04-24,SAMPLE-C,3,CUST-03
2025-04-25,SAMPLE-B,14,CUST-04
2025-04-25,SAMPLE-B,11,CUST-05
2025-04-25,SAMPLE-B,17,CUST-06
2025-04-25,SAMPLE-B,24,CUST-01
2025-04-25,SAMPLE-B,18,CUST-06
2025-04-28,SAMPLE-A,9,CUST-02
2025-04-28,SAMPLE-B,15,CUST-01
2025-04-28,SAMPLE-B,16,CUST-01
2025-04-28,SAMPLE-B,17,CUST-07
2025-04-28,SAMPLE-B,20,CUST-05
2025-04-29,SAMPLE-A,8,CUST-01
2025-04-29,SAMPLE-B,16,CUST-01
2025-04-29,SAMPLE-B,12,CUST-08
2025-04-29,SAMPLE-B,13,CUST-07
2025-04-29,SAMPLE-B,23,CUST-08
2025-04-29,SAMPLE-C,2,CUST-04
2025-04-30,SAMPLE-B,19,CUST-08
2025-04-30,SAMPLE-B,27,CUST-06
2025-04-30,SAMPLE-B,16,CUST-03
2025-04-30,SAMPLE-B,16,CUST-02
2025-04-30,SAMPLE-C,1,CUST-02
2025-05-01,SAMPLE-A,4,CUST-02
2025-05-01,SAMPLE-B,22,CUST-08
2025-05-01,SAMPLE-B,5,CUST-01
2025-05-01,SAMPLE-B,24,CUST-05
2025-05-01,SAMPLE-B,5,CUST-05
2025-05-01,SAMPLE-B,12,CUST-01
2025-05-01,SAMPLE-B,19,CUST-01
2025-05-01,SAMPLE-B,18,CUST-06
2025-05-01,SAMPLE-C,3,CUST-01
2025-05-02,SAMPLE-A,4,CUST-06
2025-05-02,SAMPLE-B,27,CUST-04
2025-05-02,SAMPLE-B,6,CUST-05
2025-05-02,SAMPLE-B,6,CUST-07
2025-05-02,SAMPLE-B,9,CUST-03
2025-05-05,SAMPLE-A,11,CUST-07
2025-05-05,SAMPLE-B,11,CUST-08
2025-05-05,SAMPLE-B,10,CUST-08
2025-05-05,SAMPLE-B,7,CUST-08
2025-05-06,SAMPLE-A,6,CUST-03
2025-05-06,SAMPLE-A,8,CUST-05
2025-05-06,SAMPLE-B,28,CUST-03
2025-05-06,SAMPLE-B,20,CUST-05
2025-05-06,SAMPLE-B,20,CUST-06
2025-05-06,SAMPLE-B,30,CUST-02
2025-05-07,SAMPLE-B,7,CUST-05
2025-05-08,SAMPLE-A,11,CUST-01
2025-05-08,SAMPLE-A,12,CUST-02
2025-05-08,SAMPLE-B,12,CUST-03
2025-05-08,SAMPLE-B,13,CUST-06
2025-05-08,SAMPLE-B,10,CUST-05
2025-05-08,SAMPLE-B,27,CUST-08
2025-05-08,SAMPLE-B,25,CUST-04
2025-05-09,SAMPLE-A,4,CUST-04
2025-05-09,SAMPLE-B,20,CUST-06
2025-05-09,SAMPLE-B,16,CUST-06
2025-05-09,SAMPLE-B,13,CUST-08
2025-05-12,SAMPLE-B,8,CUST-08
2025-05-12,SAMPLE-B,15,CUST-02
2025-05-13,SAMPLE-B,29,CUST-03
2025-05-13,SAMPLE-B,24,CUST-07
2025-05-13,SAMPLE-B,17,CUST-08
2025-05-14,SAMPLE-B,26,CUST-03
2025-05-14,SAMPLE-B,9,CUST-04
2025-05-15,SAMPLE-A,8,CUST-08
2025-05-15,SAMPLE-B,25,CUST-01
2025-05-15,SAMPLE-B,6,CUST-03
2025-05-15,SAMPLE-B,12,CUST-02
2025-05-15,SAMPLE-B,8,CUST-04
2025-05-15,SAMPLE-B,5,CUST-08
2025-05-15,SAMPLE-B,23,CUST-02
2025-05-15,SAMPLE-B,19,CUST-01
2025-05-15,SAMPLE-B,16,CUST-02
2025-05-16,SAMPLE-A,12,CUST-02
2025-05-16,SAMPLE-B,27,CUST-02
2025-05-16,SAMPLE-B,22,CUST-08
2025-05-16,SAMPLE-B,7,CUST-07
2025-05-19,SAMPLE-B,12,CUST-08
2025-05-19,SAMPLE-B,29,CUST-06
2025-05-19,SAMPLE-C,2,CUST-01
2025-05-19,SAMPLE-C,3,CUST-01
2025-05-20,SAMPLE-A,11,CUST-04
2025-05-20,SAMPLE-B,23,CUST-08
2025-05-21,SAMPLE-B,27,CUST-08
2025-05-21,SAMPLE-B,28,CUST-04
2025-05-21,SAMPLE-B,24,CUST-07
2025-05-21,SAMPLE-B,5,CUST-04
2025-05-21,SAMPLE-B,27,CUST-08
2025-05-21,SAMPLE-B,17,CUST-08
2025-05-21,SAMPLE-B,22,CUST-07
2025-05-22,SAMPLE-B,12,CUST-01
2025-05-22,SAMPLE-B,22,CUST-01
2025-05-22,SAMPLE-B,23,CUST-06
2025-05-23,SAMPLE-A,5,CUST-05
2025-05-23,SAMPLE-B,18,CUST-06
2025-05-26,SAMPLE-A,8,CUST-03
2025-05-26,SAMPLE-A,4,CUST-02
2025-05-26,SAMPLE-B,26,CUST-05
2025-05-26,SAMPLE-B,11,CUST-02
2025-05-26,SAMPLE-B,27,CUST-07
2025-05-26,SAMPLE-C,2,CUST-02
2025-05-27,SAMPLE-A,3,CUST-03
2025-05-27,SAMPLE-B,17,CUST-07
2025-05-27,SAMPLE-B,27,CUST-06
2025-05-28,SAMPLE-A,9,CUST-03
2025-05-28,SAMPLE-B,15,CUST-05
2025-05-28,SAMPLE-B,30,CUST-08
2025-05-28,SAMPLE-B,6,CUST-03
2025-05-29,SAMPLE-A,9,CUST-08
2025-05-29,SAMPLE-A,7,CUST-07
2025-05-29,SAMPLE-A,8,CUST-04
2025-05-29,SAMPLE-B,9,CUST-08
2025-05-29,SAMPLE-B,27,CUST-08
2025-05-29,SAMPLE-B,17,CUST-06
2025-05-30,SAMPLE-B,29,CUST-04
2025-05-30,SAMPLE-B,30,CUST-03
2025-05-30,SAMPLE-B,12,CUST-03
2025-06-02,SAMPLE-A,8,CUST-01
2025-06-02,SAMPLE-B,26,CUST-01
2025-06-02,SAMPLE-B,16,CUST-08
2025-06-02,SAMPLE-B,17,CUST-02
2025-06-03,SAMPLE-A,12,CUST-07
2025-06-03,SAMPLE-A,5,CUST-03
2025-06-03,SAMPLE-B,17,CUST-07
2025-06-03,SAMPLE-B,11,CUST-08
2025-06-03,SAMPLE-B,25,CUST-01
2025-06-03,SAMPLE-B,19,CUST-08
2025-06-03,SAMPLE-B,28,CUST-05
2025-06-04,SAMPLE-A,8,CUST-03
2025-06-04,SAMPLE-B,12,CUST-08
2025-06-04,SAMPLE-B,27,CUST-01
2025-06-04,SAMPLE-B,29,CUST-04
2025-06-04,SAMPLE-B,18,CUST-02
2025-06-04,SAMPLE-B,21,CUST-06
2025-06-04,SAMPLE-B,24,CUST-07
2025-06-04,SAMPLE-B,17,CUST-05
2025-06-04,SAMPLE-B,15,CUST-03
2025-06-04,SAMPLE-B,22,CUST-07
2025-06-05,SAMPLE-B,6,CUST-02
2025-06-05,SAMPLE-B,25,CUST-05
2025-06-05,SAMPLE-B,20,CUST-03
2025-06-06,SAMPLE-B,17,CUST-06
2025-06-06,SAMPLE-B,12,CUST-05
2025-06-06,SAMPLE-B,6,CUST-01
2025-06-06,SAMPLE-C,3,CUST-04
2025-06-09,SAMPLE-A,12,CUST-06
2025-06-09,SAMPLE-A,6,CUST-07
2025-06-09,SAMPLE-B,23,CUST-03
2025-06-09,SAMPLE-B,23,CUST-04
2025-06-09,SAMPLE-B,7,CUST-03
2025-06-09,SAMPLE-B,28,CUST-02
2025-06-09,SAMPLE-B,20,CUST-03
2025-06-09,SAMPLE-B,22,CUST-06
2025-06-09,SAMPLE-B,27,CUST-04
2025-06-09,SAMPLE-C,2,CUST-04
2025-06-10,SAMPLE-A,5,CUST-01
2025-06-10,SAMPLE-B,21,CUST-06
2025-06-10,SAMPLE-B,24,CUST-01
2025-06-10,SAMPLE-B,12,CUST-01
2025-06-11,SAMPLE-A,5,CUST-03
2025-06-11,SAMPLE-B,27,CUST-01
2025-06-11,SAMPLE-B,28,CUST-05
2025-06-11,SAMPLE-B,19,CUST-04
2025-06-11,SAMPLE-B,14,CUST-08
2025-06-12,SAMPLE-A,11,CUST-06
2025-06-12,SAMPLE-B,26,CUST-05
2025-06-12,SAMPLE-B,25,CUST-01
2025-06-12,SAMPLE-B,17,CUST-07
2025-06-12,SAMPLE-B,15,CUST-04
2025-06-12,SAMPLE-B,28,CUST-02
2025-06-12,SAMPLE-B,20,CUST-06
2025-06-13,SAMPLE-B,10,CUST-07
2025-06-13,SAMPLE-B,10,CUST-02
2025-06-13,SAMPLE-B,29,CUST-07
2025-06-13,SAMPLE-B,23,CUST-04
2025-06-16,SAMPLE-B,14,CUST-01
2025-06-16,SAMPLE-B,30,CUST-04
2025-06-16,SAMPLE-B,13,CUST-03
2025-06-16,SAMPLE-B,16,CUST-02
2025-06-16,SAMPLE-B,9,CUST-06
2025-06-17,SAMPLE-A,8,CUST-03
2025-06-17,SAMPLE-B,28,CUST-08
2025-06-17,SAMPLE-B,15,CUST-01
2025-06-17,SAMPLE-B,30,CUST-06
2025-06-18,SAMPLE-A,8,CUST-05
2025-06-18,SAMPLE-A,5,CUST-07
2025-06-18,SAMPLE-A,11,CUST-02
2025-06-18,SAMPLE-A,6,CUST-02
2025-06-18,SAMPLE-A,5,CUST-05
2025-06-18,SAMPLE-B,13,CUST-06
2025-06-18,SAMPLE-B,17,CUST-01
2025-06-19,SAMPLE-A,12,CUST-01
2025-06-19,SAMPLE-B,22,CUST-03
2025-06-19,SAMPLE-B,7,CUST-04
2025-06-19,SAMPLE-B,6,CUST-04
2025-06-19,SAMPLE-B,12,CUST-07
2025-06-19,SAMPLE-B,9,CUST-02
2025-06-20,SAMPLE-A,4,CUST-07
2025-06-20,SAMPLE-B,10,CUST-07
2025-06-20,SAMPLE-C,4,CUST-04
2025-06-23,SAMPLE-A,11,CUST-05
2025-06-23,SAMPLE-B,26,CUST-01
2025-06-23,SAMPLE-B,26,CUST-08
2025-06-23,SAMPLE-B,16,CUST-02
2025-06-23,SAMPLE-B,10,CUST-05
2025-06-23,SAMPLE-B,13,CUST-08
2025-06-23,SAMPLE-B,19,CUST-06
2025-06-24,SAMPLE-A,7,CUST-06
2025-06-24,SAMPLE-A,8,CUST-07
2025-06-24,SAMPLE-A,7,CUST-07
2025-06-24,SAMPLE-A,4,CUST-05
2025-06-24,SAMPLE-B,15,CUST-03
2025-06-24,SAMPLE-B,22,CUST-02
2025-06-24,SAMPLE-B,22,CUST-05
2025-06-24,SAMPLE-B,14,CUST-03
2025-06-24,SAMPLE-B,11,CUST-06
2025-06-25,SAMPLE-B,14,CUST-03
2025-06-25,SAMPLE-B,9,CUST-06
2025-06-25,SAMPLE-B,25,CUST-08
2025-06-25,SAMPLE-B,22,CUST-04
2025-06-25,SAMPLE-B,7,CUST-05
2025-06-25,SAMPLE-B,22,CUST-06
2025-06-26,SAMPLE-A,5,CUST-08
2025-06-26,SAMPLE-B,18,CUST-07
2025-06-26,SAMPLE-B,11,CUST-04
2025-06-26,SAMPLE-B,17,CUST-06
2025-06-27,SAMPLE-A,8,CUST-05
2025-06-27,SAMPLE-A,9,CUST-04
2025-06-27,SAMPLE-A,5,CUST-02
2025-06-27,SAMPLE-B,8,CUST-08
2025-06-30,SAMPLE-A,3,CUST-06
2025-06-30,SAMPLE-A,5,CUST-02
2025-06-30,SAMPLE-B,12,CUST-02
2025-06-30,SAMPLE-B,10,CUST-03
2025-06-30,SAMPLE-B,26,CUST-02
2025-06-30,SAMPLE-B,6,CUST-03
2025-07-01,SAMPLE-A,10,CUST-02
2025-07-01,SAMPLE-A,10,CUST-08
2025-07-01,SAMPLE-A,6,CUST-05
2025-07-01,SAMPLE-A,9,CUST-08
2025-07-01,SAMPLE-B,24,CUST-02
2025-07-01,SAMPLE-B,24,CUST-08
2025-07-01,SAMPLE-B,20,CUST-03
2025-07-01,SAMPLE-C,2,CUST-02
2025-07-02,SAMPLE-A,4,CUST-05
2025-07-02,SAMPLE-B,5,CUST-05
2025-07-03,SAMPLE-B,14,CUST-01
2025-07-03,SAMPLE-B,30,CUST-07
2025-07-03,SAMPLE-B,18,CUST-04
2025-07-04,SAMPLE-A,5,CUST-07
2025-07-04,SAMPLE-A,6,CUST-03
2025-07-04,SAMPLE-C,1,CUST-01
2025-07-04,SAMPLE-C,4,CUST-03
2025-07-07,SAMPLE-A,11,CUST-01
2025-07-07,SAMPLE-B,27,CUST-06
2025-07-07,SAMPLE-C,4,CUST-02
2025-07-08,SAMPLE-B,9,CUST-04
2025-07-08,SAMPLE-B,21,CUST-08
2025-07-08,SAMPLE-B,11,CUST-05
2025-07-08,SAMPLE-C,2,CUST-01
2025-07-09,SAMPLE-B,12,CUST-05
2025-07-09,SAMPLE-B,18,CUST-08
2025-07-09,SAMPLE-B,8,CUST-05
2025-07-10,SAMPLE-B,23,CUST-02
2025-07-10,SAMPLE-B,12,CUST-08
2025-07-10,SAMPLE-B,9,CUST-06
2025-07-10,SAMPLE-B,10,CUST-06
2025-07-10,SAMPLE-B,10,CUST-03
2025-07-10,SAMPLE-C,2,CUST-04
2025-07-10,SAMPLE-C,3,CUST-03
2025-07-11,SAMPLE-A,4,CUST-08
2025-07-11,SAMPLE-A,10,CUST-08
2025-07-11,SAMPLE-B,5,CUST-07
2025-07-11,SAMPLE-C,1,CUST-02
2025-07-11,SAMPLE-C,2,CUST-01
2025-07-14,SAMPLE-B,7,CUST-08
2025-07-14,SAMPLE-B,8,CUST-03
2025-07-14,SAMPLE-B,22,CUST-02
2025-07-14,SAMPLE-B,21,CUST-06
2025-07-15,SAMPLE-B,13,CUST-07
2025-07-16,SAMPLE-B,16,CUST-04
2025-07-16,SAMPLE-B,7,CUST-01
2025-07-17,SAMPLE-B,26,CUST-06
2025-07-17,SAMPLE-B,6,CUST-08
2025-07-17,SAMPLE-B,25,CUST-02
2025-07-17,SAMPLE-B,16,CUST-07
2025-07-18,SAMPLE-A,4,CUST-04
2025-07-18,SAMPLE-A,9,CUST-03
2025-07-18,SAMPLE-A,7,CUST-07
2025-07-18,SAMPLE-B,15,CUST-03
2025-07-18,SAMPLE-B,17,CUST-07
2025-07-18,SAMPLE-C,3,CUST-03
2025-07-21,SAMPLE-A,5,CUST-07
2025-07-21,SAMPLE-B,16,CUST-04
2025-07-21,SAMPLE-B,23,CUST-06
2025-07-21,SAMPLE-B,18,CUST-08
2025-07-21,SAMPLE-B,15,CUST-05
2025-07-22,SAMPLE-A,4,CUST-03
2025-07-22,SAMPLE-A,11,CUST-06
2025-07-22,SAMPLE-B,7,CUST-03
2025-07-22,SAMPLE-B,12,CUST-05
2025-07-22,SAMPLE-B,12,CUST-04
2025-07-23,SAMPLE-A,4,CUST-06
2025-07-23,SAMPLE-B,14,CUST-04
2025-07-23,SAMPLE-C,3,CUST-01
2025-07-24,SAMPLE-A,7,CUST-06
2025-07-24,SAMPLE-A,6,CUST-05
2025-07-24,SAMPLE-B,17,CUST-04
2025-07-24,SAMPLE-B,23,CUST-07
2025-07-24,SAMPLE-B,23,CUST-03
2025-07-25,SAMPLE-B,28,CUST-08
2025-07-25,SAMPLE-B,11,CUST-08
2025-07-28,SAMPLE-B,21,CUST-03
2025-07-28,SAMPLE-B,10,CUST-04
2025-07-28,SAMPLE-B,26,CUST-08
2025-07-28,SAMPLE-B,27,CUST-06
2025-07-29,SAMPLE-A,7,CUST-07
2025-07-29,SAMPLE-A,6,CUST-03
2025-07-29,SAMPLE-B,8,CUST-05
2025-07-30,SAMPLE-A,4,CUST-07
2025-07-30,SAMPLE-A,8,CUST-04
2025-07-30,SAMPLE-B,22,CUST-01
2025-07-30,SAMPLE-B,25,CUST-02
2025-07-30,SAMPLE-B,22,CUST-08
2025-07-31,SAMPLE-A,12,CUST-03
2025-07-31,SAMPLE-B,30,CUST-07
2025-07-31,SAMPLE-B,15,CUST-02
2025-07-31,SAMPLE-B,15,CUST-02
2025-08-01,SAMPLE-A,3,CUST-05
2025-08-01,SAMPLE-A,3,CUST-08
2025-08-01,SAMPLE-A,9,CUST-07
2025-08-01,SAMPLE-A,10,CUST-02
2025-08-01,SAMPLE-B,20,CUST-01
2025-08-04,SAMPLE-B,18,CUST-01
2025-08-04,SAMPLE-B,17,CUST-03
2025-08-04,SAMPLE-B,19,CUST-08
2025-08-05,SAMPLE-A,11,CUST-08
2025-08-05,SAMPLE-A,7,CUST-07
2025-08-05,SAMPLE-B,15,CUST-07
2025-08-06,SAMPLE-B,5,CUST-05
2025-08-06,SAMPLE-B,27,CUST-04
2025-08-06,SAMPLE-B,9,CUST-06
2025-08-07,SAMPLE-A,12,CUST-04
2025-08-07,SAMPLE-A,12,CUST-03
2025-08-07,SAMPLE-A,11,CUST-04
2025-08-07,SAMPLE-A,5,CUST-05
2025-08-07,SAMPLE-B,11,CUST-05
2025-08-07,SAMPLE-B,9,CUST-07
2025-08-07,SAMPLE-B,7,CUST-08
2025-08-07,SAMPLE-B,23,CUST-05
2025-08-07,SAMPLE-B,28,CUST-08
2025-08-08,SAMPLE-A,8,CUST-04
2025-08-08,SAMPLE-B,19,CUST-01
2025-08-08,SAMPLE-B,15,CUST-08
2025-08-08,SAMPLE-B,29,CUST-05
2025-08-08,SAMPLE-B,16,CUST-06
2025-08-08,SAMPLE-B,16,CUST-04
2025-08-08,SAMPLE-B,11,CUST-01
2025-08-08,SAMPLE-B,16,CUST-02
2025-08-08,SAMPLE-B,28,CUST-07
2025-08-08,SAMPLE-B,22,CUST-02
2025-08-08,SAMPLE-C,4,CUST-01
2025-08-11,SAMPLE-B,29,CUST-06
2025-08-11,SAMPLE-B,27,CUST-01
2025-08-11,SAMPLE-B,15,CUST-04
2025-08-11,SAMPLE-B,7,CUST-03
2025-08-11,SAMPLE-B,11,CUST-07
2025-08-11,SAMPLE-C,1,CUST-04
2025-08-12,SAMPLE-A,9,CUST-03
2025-08-12,SAMPLE-B,7,CUST-01
2025-08-12,SAMPLE-C,4,CUST-04
2025-08-18,SAMPLE-A,3,CUST-08
2025-08-18,SAMPLE-B,19,CUST-02
2025-08-18,SAMPLE-B,7,CUST-08
2025-08-19,SAMPLE-A,12,CUST-02
2025-08-19,SAMPLE-A,4,CUST-03
2025-08-19,SAMPLE-B,14,CUST-05
2025-08-19,SAMPLE-B,8,CUST-01
2025-08-19,SAMPLE-B,27,CUST-08
2025-08-20,SAMPLE-B,21,CUST-02
2025-08-20,SAMPLE-B,7,CUST-06
2025-08-20,SAMPLE-B,8,CUST-01
2025-08-21,SAMPLE-B,25,CUST-03
2025-08-21,SAMPLE-B,22,CUST-05
2025-08-21,SAMPLE-B,9,CUST-03
2025-08-21,SAMPLE-B,30,CUST-08
2025-08-21,SAMPLE-B,9,CUST-06
2025-08-22,SAMPLE-A,9,CUST-07
2025-08-22,SAMPLE-B,27,CUST-02
2025-08-22,SAMPLE-B,13,CUST-05
2025-08-22,SAMPLE-B,9,CUST-02
2025-08-22,SAMPLE-B,22,CUST-06
2025-08-22,SAMPLE-C,4,CUST-02
2025-08-25,SAMPLE-A,11,CUST-06
2025-08-25,SAMPLE-B,19,CUST-01
2025-08-25,SAMPLE-B,23,CUST-07
2025-08-26,SAMPLE-A,11,CUST-06
2025-08-26,SAMPLE-A,11,CUST-08
2025-08-26,SAMPLE-A,6,CUST-06
2025-08-26,SAMPLE-B,30,CUST-01
2025-08-27,SAMPLE-A,7,CUST-05
2025-08-27,SAMPLE-B,28,CUST-05
2025-08-27,SAMPLE-B,25,CUST-04
2025-08-27,SAMPLE-B,12,CUST-07
2025-08-27,SAMPLE-B,13,CUST-01
2025-08-27,SAMPLE-B,22,CUST-05
2025-08-28,SAMPLE-A,8,CUST-05
2025-08-28,SAMPLE-B,26,CUST-08
2025-08-28,SAMPLE-B,24,CUST-05
2025-08-28,SAMPLE-B,16,CUST-01
2025-08-29,SAMPLE-B,28,CUST-02
2025-08-29,SAMPLE-B,30,CUST-08
2025-08-29,SAMPLE-B,5,CUST-07
2025-08-29,SAMPLE-B,24,CUST-08
2025-08-29,SAMPLE-B,23,CUST-07
2025-08-29,SAMPLE-B,26,CUST-03
2025-09-01,SAMPLE-A,9,CUST-08
2025-09-01,SAMPLE-B,19,CUST-06
2025-09-01,SAMPLE-B,24,CUST-07
2025-09-01,SAMPLE-B,19,CUST-04
2025-09-01,SAMPLE-B,11,CUST-07
2025-09-01,SAMPLE-B,9,CUST-04
2025-09-01,SAMPLE-B,28,CUST-01
2025-09-02,SAMPLE-A,6,CUST-06
2025-09-02,SAMPLE-A,8,CUST-03
2025-09-02,SAMPLE-B,16,CUST-02
2025-09-02,SAMPLE-B,13,CUST-04
2025-09-02,SAMPLE-B,7,CUST-03
2025-09-02,SAMPLE-B,27,CUST-01
2025-09-02,SAMPLE-B,23,CUST-01
2025-09-03,SAMPLE-A,5,CUST-02
2025-09-03,SAMPLE-A,4,CUST-02
2025-09-03,SAMPLE-A,12,CUST-03
2025-09-03,SAMPLE-B,15,CUST-05
2025-09-03,SAMPLE-B,23,CUST-07
2025-09-03,SAMPLE-B,5,CUST-07
2025-09-03,SAMPLE-C,4,CUST-04
2025-09-04,SAMPLE-A,4,CUST-04
2025-09-04,SAMPLE-A,5,CUST-02
2025-09-04,SAMPLE-B,23,CUST-02
2025-09-04,SAMPLE-B,23,CUST-01
2025-09-04,SAMPLE-B,19,CUST-06
2025-09-04,SAMPLE-B,21,CUST-02
2025-09-05,SAMPLE-A,11,CUST-04
2025-09-05,SAMPLE-A,6,CUST-01
2025-09-05,SAMPLE-A,5,CUST-01
2025-09-05,SAMPLE-B,10,CUST-06
2025-09-05,SAMPLE-B,19,CUST-04
2025-09-05,SAMPLE-B,22,CUST-04
2025-09-05,SAMPLE-B,22,CUST-02
2025-09-05,SAMPLE-B,16,CUST-06
2025-09-05,SAMPLE-B,12,CUST-01
2025-09-05,SAMPLE-B,15,CUST-05
2025-09-05,SAMPLE-B,14,CUST-04
2025-09-05,SAMPLE-C,3,CUST-04
2025-09-08,SAMPLE-B,15,CUST-08
2025-09-08,SAMPLE-B,14,CUST-08
2025-09-08,SAMPLE-B,23,CUST-04
2025-09-08,SAMPLE-B,5,CUST-07
2025-09-08,SAMPLE-B,5,CUST-08
2025-09-08,SAMPLE-B,24,CUST-06
2025-09-09,SAMPLE-B,23,CUST-04
2025-09-09,SAMPLE-B,11,CUST-04
2025-09-09,SAMPLE-B,26,CUST-03
2025-09-09,SAMPLE-B,28,CUST-05
2025-09-09,SAMPLE-B,19,CUST-02
2025-09-10,SAMPLE-A,7,CUST-06
2025-09-10,SAMPLE-A,12,CUST-07
2025-09-10,SAMPLE-B,11,CUST-03
2025-09-10,SAMPLE-C,2,CUST-03
2025-09-11,SAMPLE-A,3,CUST-07
2025-09-11,SAMPLE-B,15,CUST-05
2025-09-11,SAMPLE-C,3,CUST-04
2025-09-12,SAMPLE-B,28,CUST-06
2025-09-12,SAMPLE-B,26,CUST-07
2025-09-12,SAMPLE-B,28,CUST-03
2025-09-12,SAMPLE-C,1,CUST-02
2025-09-15,SAMPLE-A,10,CUST-02
2025-09-15,SAMPLE-B,16,CUST-04
2025-09-15,SAMPLE-B,12,CUST-01
2025-09-15,SAMPLE-B,14,CUST-07
2025-09-15,SAMPLE-B,16,CUST-01
2025-09-15,SAMPLE-B,25,CUST-07
2025-09-16,SAMPLE-A,8,CUST-04
2025-09-16,SAMPLE-A,11,CUST-02
2025-09-16,SAMPLE-A,7,CUST-07
2025-09-16,SAMPLE-B,29,CUST-06
2025-09-16,SAMPLE-B,29,CUST-05
2025-09-16,SAMPLE-B,29,CUST-05
2025-09-16,SAMPLE-B,25,CUST-03
2025-09-17,SAMPLE-A,12,CUST-06
2025-09-17,SAMPLE-B,5,CUST-05
2025-09-17,SAMPLE-B,30,CUST-01
2025-09-18,SAMPLE-A,9,CUST-02
2025-09-18,SAMPLE-A,7,CUST-04
2025-09-18,SAMPLE-A,9,CUST-08
2025-09-18,SAMPLE-B,18,CUST-05
2025-09-18,SAMPLE-B,7,CUST-07
2025-09-18,SAMPLE-B,14,CUST-06
2025-09-18,SAMPLE-B,17,CUST-06
2025-09-18,SAMPLE-B,18,CUST-01
2025-09-19,SAMPLE-A,5,CUST-06
2025-09-19,SAMPLE-A,5,CUST-06
2025-09-19,SAMPLE-A,7,CUST-02
2025-09-19,SAMPLE-B,19,CUST-06
2025-09-19,SAMPLE-B,11,CUST-05
2025-09-22,SAMPLE-B,15,CUST-03
2025-09-22,SAMPLE-B,28,CUST-05
2025-09-22,SAMPLE-B,23,CUST-03
2025-09-22,SAMPLE-B,27,CUST-01
2025-09-23,SAMPLE-A,11,CUST-04
2025-09-23,SAMPLE-A,12,CUST-01
2025-09-23,SAMPLE-A,9,CUST-01
2025-09-23,SAMPLE-B,19,CUST-03
2025-09-24,SAMPLE-A,10,CUST-01
2025-09-24,SAMPLE-A,10,CUST-04
2025-09-24,SAMPLE-B,23,CUST-06
2025-09-24,SAMPLE-B,29,CUST-07
2025-09-25,SAMPLE-A,5,CUST-04
2025-09-25,SAMPLE-A,12,CUST-04
2025-09-25,SAMPLE-B,19,CUST-08
2025-09-25,SAMPLE-B,16,CUST-04
2025-09-25,SAMPLE-B,23,CUST-02
2025-09-25,SAMPLE-B,6,CUST-07
2025-09-25,SAMPLE-B,24,CUST-01
2025-09-25,SAMPLE-B,19,CUST-06
2025-09-26,SAMPLE-A,8,CUST-06
2025-09-26,SAMPLE-A,4,CUST-08
2025-09-26,SAMPLE-B,22,CUST-07
2025-09-26,SAMPLE-B,22,CUST-05
2025-09-29,SAMPLE-A,5,CUST-03
2025-09-29,SAMPLE-A,10,CUST-06
2025-09-29,SAMPLE-A,12,CUST-04
2025-09-29,SAMPLE-B,10,CUST-02
2025-09-29,SAMPLE-B,13,CUST-04
2025-09-29,SAMPLE-B,17,CUST-07
2025-09-29,SAMPLE-B,28,CUST-05
2025-09-29,SAMPLE-B,16,CUST-02
2025-09-29,SAMPLE-B,25,CUST-04
2025-09-29,SAMPLE-B,28,CUST-04
2025-09-30,SAMPLE-A,7,CUST-04
2025-09-30,SAMPLE-B,19,CUST-01
2025-09-30,SAMPLE-B,19,CUST-02
2025-09-30,SAMPLE-B,13,CUST-02
2025-09-30,SAMPLE-B,26,CUST-07
2025-09-30,SAMPLE-B,7,CUST-07
2025-10-01,SAMPLE-A,7,CUST-07
2025-10-01,SAMPLE-B,23,CUST-04
2025-10-01,SAMPLE-B,18,CUST-02
2025-10-01,SAMPLE-B,24,CUST-05
2025-10-01,SAMPLE-B,28,CUST-06
2025-10-02,SAMPLE-B,5,CUST-05
2025-10-03,SAMPLE-B,22,CUST-03
2025-10-03,SAMPLE-B,27,CUST-06
2025-10-03,SAMPLE-B,13,CUST-03
2025-10-03,SAMPLE-B,21,CUST-02
2025-10-06,SAMPLE-A,11,CUST-03
2025-10-06,SAMPLE-B,29,CUST-08
2025-10-06,SAMPLE-B,26,CUST-07
2025-10-06,SAMPLE-B,16,CUST-05
2025-10-07,SAMPLE-B,20,CUST-04
2025-10-07,SAMPLE-B,25,CUST-05
2025-10-07,SAMPLE-B,23,CUST-08
2025-10-07,SAMPLE-B,14,CUST-06
2025-10-07,SAMPLE-B,18,CUST-06
2025-10-07,SAMPLE-C,4,CUST-03
2025-10-08,SAMPLE-A,4,CUST-01
2025-10-08,SAMPLE-B,25,CUST-05
2025-10-08,SAMPLE-B,13,CUST-01
2025-10-08,SAMPLE-B,24,CUST-04
2025-10-08,SAMPLE-B,16,CUST-02
2025-10-08,SAMPLE-B,28,CUST-07
2025-10-09,SAMPLE-B,22,CUST-07
2025-10-09,SAMPLE-B,19,CUST-03
2025-10-09,SAMPLE-B,26,CUST-04
2025-10-09,SAMPLE-B,9,CUST-07
2025-10-09,SAMPLE-B,15,CUST-01
2025-10-09,SAMPLE-B,23,CUST-02
2025-10-10,SAMPLE-B,6,CUST-05
2025-10-13,SAMPLE-A,7,CUST-03
2025-10-13,SAMPLE-B,20,CUST-01
2025-10-13,SAMPLE-B,8,CUST-07
2025-10-13,SAMPLE-B,11,CUST-01
2025-10-13,SAMPLE-B,7,CUST-06
2025-10-14,SAMPLE-A,9,CUST-02
2025-10-14,SAMPLE-B,9,CUST-03
2025-10-14,SAMPLE-B,24,CUST-04
2025-10-14,SAMPLE-B,30,CUST-06
2025-10-14,SAMPLE-B,21,CUST-03
2025-10-14,SAMPLE-B,7,CUST-01
2025-10-14,SAMPLE-C,3,CUST-03
2025-10-15,SAMPLE-A,11,CUST-08
2025-10-15,SAMPLE-A,11,CUST-02
2025-10-15,SAMPLE-A,12,CUST-03
2025-10-15,SAMPLE-A,4,CUST-06
2025-10-15,SAMPLE-B,7,CUST-03
2025-10-15,SAMPLE-B,26,CUST-07
2025-10-15,SAMPLE-B,26,CUST-07
2025-10-15,SAMPLE-B,23,CUST-06
2025-10-16,SAMPLE-A,7,CUST-05
2025-10-16,SAMPLE-A,9,CUST-05
2025-10-16,SAMPLE-B,7,CUST-01
2025-10-16,SAMPLE-B,22,CUST-01
2025-10-16,SAMPLE-B,19,CUST-02
2025-10-16,SAMPLE-B,29,CUST-08
2025-10-17,SAMPLE-B,11,CUST-08
2025-10-17,SAMPLE-B,8,CUST-02
2025-10-17,SAMPLE-B,22,CUST-08
2025-10-20,SAMPLE-A,8,CUST-08
2025-10-20,SAMPLE-A,9,CUST-06
2025-10-20,SAMPLE-B,18,CUST-01
2025-10-20,SAMPLE-B,20,CUST-02
2025-10-20,SAMPLE-B,30,CUST-07
2025-10-20,SAMPLE-B,12,CUST-01
2025-10-20,SAMPLE-B,23,CUST-03
2025-10-20,SAMPLE-B,11,CUST-04
2025-10-20,SAMPLE-B,9,CUST-06
2025-10-20,SAMPLE-B,22,CUST-03
2025-10-21,SAMPLE-A,7,CUST-06
2025-10-21,SAMPLE-B,8,CUST-03
2025-10-21,SAMPLE-B,25,CUST-01
2025-10-21,SAMPLE-B,13,CUST-05
2025-10-22,SAMPLE-B,28,CUST-03
2025-10-22,SAMPLE-B,13,CUST-01
2025-10-22,SAMPLE-B,30,CUST-02
2025-10-22,SAMPLE-B,23,CUST-06
2025-10-22,SAMPLE-B,8,CUST-01
2025-10-22,SAMPLE-B,30,CUST-01
2025-10-23,SAMPLE-B,24,CUST-07
2025-10-23,SAMPLE-B,18,CUST-05
2025-10-23,SAMPLE-B,29,CUST-06
2025-10-24,SAMPLE-A,3,CUST-03
2025-10-24,SAMPLE-A,10,CUST-01
2025-10-24,SAMPLE-B,26,CUST-05
2025-10-24,SAMPLE-B,13,CUST-08
2025-10-27,SAMPLE-B,7,CUST-05
2025-10-27,SAMPLE-B,30,CUST-04
2025-10-27,SAMPLE-B,21,CUST-05
2025-10-28,SAMPLE-A,5,CUST-01
2025-10-28,SAMPLE-A,3,CUST-07
2025-10-28,SAMPLE-B,5,CUST-07
2025-10-28,SAMPLE-B,25,CUST-07
2025-10-28,SAMPLE-B,27,CUST-01
2025-10-28,SAMPLE-B,25,CUST-04
2025-10-28,SAMPLE-B,10,CUST-07
2025-10-28,SAMPLE-B,11,CUST-07
2025-10-29,SAMPLE-A,8,CUST-06
2025-10-29,SAMPLE-B,5,CUST-01
2025-10-29,SAMPLE-C,4,CUST-04
2025-10-29,SAMPLE-C,1,CUST-01
2025-10-29,SAMPLE-C,2,CUST-03
2025-10-30,SAMPLE-A,11,CUST-06
2025-10-30,SAMPLE-B,11,CUST-07
2025-10-30,SAMPLE-B,21,CUST-06
2025-10-30,SAMPLE-B,27,CUST-07
2025-10-30,SAMPLE-B,10,CUST-02
2025-10-30,SAMPLE-B,13,CUST-01
2025-10-31,SAMPLE-B,13,CUST-02
2025-10-31,SAMPLE-B,14,CUST-05
2025-10-31,SAMPLE-B,8,CUST-05
2025-11-03,SAMPLE-B,5,CUST-05
2025-11-03,SAMPLE-B,9,CUST-06
2025-11-03,SAMPLE-B,9,CUST-06
2025-11-03,SAMPLE-B,18,CUST-06
2025-11-03,SAMPLE-B,21,CUST-02
2025-11-04,SAMPLE-B,15,CUST-01
2025-11-04,SAMPLE-B,25,CUST-06
2025-11-04,SAMPLE-B,11,CUST-05
2025-11-05,SAMPLE-A,4,CUST-08
2025-11-05,SAMPLE-B,10,CUST-01
2025-11-06,SAMPLE-A,8,CUST-06
2025-11-06,SAMPLE-A,12,CUST-03
2025-11-06,SAMPLE-B,6,CUST-03
2025-11-07,SAMPLE-A,7,CUST-02
2025-11-07,SAMPLE-A,7,CUST-06
2025-11-07,SAMPLE-B,20,CUST-02
2025-11-07,SAMPLE-B,21,CUST-05
2025-11-07,SAMPLE-B,29,CUST-02
2025-11-07,SAMPLE-B,13,CUST-07
2025-11-07,SAMPLE-B,27,CUST-07
2025-11-10,SAMPLE-B,7,CUST-03
2025-11-10,SAMPLE-B,28,CUST-01
2025-11-11,SAMPLE-A,12,CUST-06
2025-11-11,SAMPLE-B,7,CUST-08
2025-11-12,SAMPLE-A,11,CUST-05
2025-11-12,SAMPLE-B,13,CUST-04
2025-11-12,SAMPLE-B,18,CUST-03
2025-11-13,SAMPLE-A,10,CUST-02
2025-11-13,SAMPLE-A,12,CUST-02
2025-11-13,SAMPLE-A,3,CUST-03
2025-11-13,SAMPLE-B,24,CUST-01
2025-11-14,SAMPLE-A,6,CUST-03
2025-11-14,SAMPLE-A,10,CUST-07
2025-11-14,SAMPLE-B,15,CUST-01
2025-11-14,SAMPLE-B,28,CUST-01
2025-11-14,SAMPLE-B,18,CUST-07
2025-11-14,SAMPLE-B,10,CUST-02
2025-11-17,SAMPLE-B,15,CUST-03
2025-11-17,SAMPLE-B,12,CUST-08
2025-11-17,SAMPLE-B,11,CUST-06
2025-11-17,SAMPLE-B,8,CUST-06
2025-11-18,SAMPLE-A,3,CUST-06
2025-11-18,SAMPLE-A,6,CUST-05
2025-11-18,SAMPLE-B,11,CUST-03
2025-11-18,SAMPLE-B,28,CUST-06
2025-11-18,SAMPLE-B,12,CUST-08
2025-11-19,SAMPLE-A,8,CUST-02
2025-11-19,SAMPLE-A,7,CUST-06
2025-11-19,SAMPLE-B,15,CUST-01
2025-11-19,SAMPLE-B,13,CUST-02
2025-11-20,SAMPLE-A,6,CUST-01
2025-11-20,SAMPLE-A,8,CUST-07
2025-11-20,SAMPLE-B,5,CUST-08
2025-11-20,SAMPLE-B,14,CUST-01
2025-11-20,SAMPLE-B,7,CUST-03
2025-11-21,SAMPLE-A,10,CUST-06
2025-11-21,SAMPLE-A,11,CUST-06
2025-11-21,SAMPLE-B,11,CUST-01
2025-11-21,SAMPLE-B,15,CUST-08
2025-11-21,SAMPLE-B,15,CUST-06
2025-11-21,SAMPLE-B,5,CUST-04
2025-11-24,SAMPLE-A,8,CUST-02
2025-11-24,SAMPLE-A,4,CUST-07
2025-11-24,SAMPLE-A,11,CUST-01
2025-11-24,SAMPLE-B,26,CUST-04
2025-11-24,SAMPLE-B,24,CUST-07
2025-11-24,SAMPLE-B,30,CUST-05
2025-11-25,SAMPLE-A,10,CUST-06
2025-11-25,SAMPLE-B,18,CUST-03
2025-11-25,SAMPLE-B,12,CUST-02
2025-11-25,SAMPLE-B,24,CUST-06
2025-11-25,SAMPLE-B,27,CUST-02
2025-11-25,SAMPLE-B,9,CUST-08
2025-11-25,SAMPLE-B,12,CUST-04
2025-11-25,SAMPLE-B,15,CUST-08
2025-11-26,SAMPLE-A,5,CUST-01
2025-11-26,SAMPLE-A,10,CUST-06
2025-11-26,SAMPLE-A,5,CUST-05
2025-11-26,SAMPLE-B,15,CUST-08
2025-11-26,SAMPLE-B,11,CUST-05
2025-11-26,SAMPLE-B,18,CUST-03
2025-11-26,SAMPLE-B,16,CUST-07
2025-11-26,SAMPLE-B,23,CUST-03
2025-11-26,SAMPLE-B,28,CUST-01
2025-11-26,SAMPLE-B,9,CUST-04
2025-11-26,SAMPLE-C,2,CUST-03
2025-11-27,SAMPLE-A,5,CUST-03
2025-11-27,SAMPLE-A,11,CUST-03
2025-11-27,SAMPLE-B,19,CUST-06
2025-11-27,SAMPLE-B,24,CUST-05
2025-11-27,SAMPLE-B,10,CUST-08
2025-11-27,SAMPLE-B,12,CUST-04
2025-11-28,SAMPLE-A,10,CUST-07
2025-11-28,SAMPLE-B,30,CUST-04
2025-11-28,SAMPLE-B,26,CUST-08
2025-11-28,SAMPLE-B,23,CUST-04
2025-11-28,SAMPLE-B,30,CUST-06
2025-11-28,SAMPLE-B,27,CUST-04
2025-11-28,SAMPLE-C,4,CUST-02
2025-11-28,SAMPLE-C,1,CUST-01
2025-12-01,SAMPLE-B,16,CUST-02
2025-12-01,SAMPLE-B,11,CUST-04
2025-12-01,SAMPLE-B,14,CUST-04
2025-12-01,SAMPLE-B,15,CUST-03
2025-12-01,SAMPLE-B,18,CUST-03
2025-12-01,SAMPLE-B,9,CUST-02
2025-12-01,SAMPLE-B,21,CUST-04
2025-12-02,SAMPLE-A,3,CUST-03
2025-12-02,SAMPLE-A,7,CUST-01
2025-12-03,SAMPLE-A,8,CUST-07
2025-12-03,SAMPLE-A,6,CUST-08
2025-12-03,SAMPLE-B,13,CUST-04
2025-12-03,SAMPLE-B,23,CUST-06
2025-12-03,SAMPLE-B,13,CUST-08
2025-12-03,SAMPLE-B,28,CUST-02
2025-12-03,SAMPLE-B,9,CUST-04
2025-12-03,SAMPLE-B,29,CUST-04
2025-12-04,SAMPLE-A,3,CUST-03
2025-12-04,SAMPLE-A,11,CUST-06
2025-12-04,SAMPLE-B,20,CUST-02
2025-12-04,SAMPLE-B,8,CUST-05
2025-12-04,SAMPLE-B,13,CUST-01
2025-12-04,SAMPLE-B,7,CUST-06
2025-12-04,SAMPLE-B,10,CUST-04
2025-12-04,SAMPLE-B,24,CUST-07
2025-12-04,SAMPLE-B,27,CUST-05
2025-12-05,SAMPLE-A,8,CUST-07
2025-12-05,SAMPLE-A,5,CUST-02
2025-12-05,SAMPLE-B,15,CUST-05
2025-12-05,SAMPLE-B,29,CUST-01
2025-12-05,SAMPLE-B,29,CUST-02
2025-12-05,SAMPLE-B,17,CUST-02
2025-12-08,SAMPLE-B,5,CUST-02
2025-12-08,SAMPLE-B,14,CUST-01
2025-12-08,SAMPLE-B,29,CUST-07
2025-12-08,SAMPLE-B,24,CUST-07
2025-12-09,SAMPLE-A,5,CUST-08
2025-12-09,SAMPLE-A,7,CUST-03
2025-12-09,SAMPLE-B,21,CUST-06
2025-12-09,SAMPLE-B,17,CUST-06
2025-12-09,SAMPLE-B,20,CUST-06
2025-12-09,SAMPLE-B,23,CUST-01
2025-12-09,SAMPLE-C,1,CUST-03
2025-12-09,SAMPLE-C,4,CUST-01
2025-12-10,SAMPLE-A,4,CUST-03
2025-12-10,SAMPLE-A,3,CUST-03
2025-12-10,SAMPLE-A,12,CUST-01
2025-12-10,SAMPLE-A,3,CUST-02
2025-12-10,SAMPLE-A,7,CUST-02
2025-12-10,SAMPLE-B,22,CUST-06
2025-12-10,SAMPLE-B,10,CUST-08
2025-12-10,SAMPLE-B,13,CUST-02
2025-12-10,SAMPLE-B,20,CUST-05
2025-12-10,SAMPLE-B,10,CUST-04
2025-12-11,SAMPLE-A,8,CUST-08
2025-12-11,SAMPLE-A,12,CUST-02
2025-12-11,SAMPLE-A,11,CUST-03
2025-12-11,SAMPLE-A,5,CUST-08
2025-12-11,SAMPLE-A,4,CUST-07
2025-12-11,SAMPLE-B,12,CUST-04
2025-12-11,SAMPLE-B,22,CUST-01
2025-12-11,SAMPLE-B,7,CUST-06
2025-12-11,SAMPLE-B,19,CUST-03
2025-12-11,SAMPLE-B,19,CUST-02
2025-12-11,SAMPLE-B,8,CUST-05
2025-12-11,SAMPLE-B,10,CUST-03
2025-12-11,SAMPLE-B,20,CUST-08
2025-12-11,SAMPLE-B,14,CUST-03
2025-12-11,SAMPLE-C,3,CUST-01
2025-12-12,SAMPLE-B,25,CUST-06
2025-12-12,SAMPLE-B,20,CUST-05
2025-12-12,SAMPLE-B,10,CUST-06
2025-12-12,SAMPLE-B,29,CUST-06
2025-12-12,SAMPLE-B,27,CUST-01
2025-12-12,SAMPLE-B,13,CUST-06
2025-12-12,SAMPLE-B,20,CUST-07
2025-12-12,SAMPLE-B,10,CUST-01
2025-12-15,SAMPLE-A,10,CUST-05
2025-12-15,SAMPLE-B,21,CUST-02
2025-12-15,SAMPLE-B,27,CUST-06
2025-12-15,SAMPLE-B,13,CUST-01
2025-12-15,SAMPLE-C,2,CUST-03
2025-12-16,SAMPLE-A,10,CUST-03
2025-12-16,SAMPLE-A,7,CUST-01
2025-12-16,SAMPLE-B,14,CUST-01
2025-12-16,SAMPLE-B,25,CUST-06
2025-12-16,SAMPLE-B,27,CUST-03
2025-12-16,SAMPLE-B,30,CUST-07
2025-12-16,SAMPLE-B,14,CUST-03
2025-12-16,SAMPLE-B,29,CUST-07
2025-12-16,SAMPLE-B,20,CUST-04
2025-12-16,SAMPLE-B,20,CUST-05
2025-12-16,SAMPLE-B,10,CUST-01
2025-12-17,SAMPLE-A,4,CUST-04
2025-12-17,SAMPLE-A,6,CUST-08
2025-12-17,SAMPLE-A,10,CUST-06
2025-12-17,SAMPLE-B,17,CUST-02
2025-12-17,SAMPLE-B,26,CUST-03
2025-12-17,SAMPLE-B,10,CUST-06
2025-12-17,SAMPLE-B,5,CUST-06
2025-12-18,SAMPLE-A,11,CUST-03
2025-12-18,SAMPLE-A,5,CUST-03
2025-12-18,SAMPLE-B,29,CUST-05
2025-12-18,SAMPLE-B,18,CUST-04
2025-12-18,SAMPLE-B,26,CUST-02
2025-12-18,SAMPLE-B,17,CUST-03
2025-12-18,SAMPLE-B,24,CUST-01
2025-12-19,SAMPLE-A,6,CUST-04
2025-12-19,SAMPLE-A,3,CUST-03
2025-12-19,SAMPLE-A,6,CUST-03
2025-12-19,SAMPLE-B,18,CUST-04
2025-12-19,SAMPLE-B,24,CUST-05
2025-12-22,SAMPLE-B,9,CUST-04
2025-12-22,SAMPLE-B,10,CUST-06
2025-12-22,SAMPLE-B,14,CUST-06
2025-12-22,SAMPLE-B,10,CUST-06
2025-12-22,SAMPLE-B,17,CUST-06
2025-12-22,SAMPLE-B,23,CUST-08
2025-12-23,SAMPLE-A,3,CUST-01
2025-12-23,SAMPLE-A,8,CUST-03
2025-12-23,SAMPLE-A,3,CUST-04
2025-12-23,SAMPLE-B,14,CUST-04
2025-12-23,SAMPLE-B,8,CUST-05
2025-12-23,SAMPLE-B,8,CUST-02
2025-12-23,SAMPLE-B,25,CUST-03
2025-12-24,SAMPLE-A,10,CUST-04
2025-12-24,SAMPLE-A,7,CUST-07
2025-12-24,SAMPLE-B,5,CUST-07
2025-12-24,SAMPLE-B,26,CUST-07
2025-12-24,SAMPLE-B,9,CUST-08
2025-12-24,SAMPLE-B,14,CUST-02
2025-12-24,SAMPLE-B,9,CUST-08
2025-12-24,SAMPLE-B,24,CUST-08
2025-12-24,SAMPLE-B,29,CUST-07
2025-12-24,SAMPLE-B,22,CUST-06
2025-12-24,SAMPLE-B,8,CUST-08
2025-12-24,SAMPLE-B,7,CUST-08
2025-12-24,SAMPLE-B,10,CUST-05
2025-12-25,SAMPLE-A,5,CUST-07
2025-12-25,SAMPLE-B,14,CUST-08
2025-12-26,SAMPLE-A,6,CUST-04
2025-12-26,SAMPLE-A,12,CUST-01
2025-12-26,SAMPLE-B,15,CUST-03
2025-12-26,SAMPLE-B,18,CUST-05
2025-12-26,SAMPLE-B,27,CUST-01
2025-12-26,SAMPLE-B,11,CUST-01
2025-12-26,SAMPLE-B,26,CUST-04
2025-12-26,SAMPLE-B,14,CUST-05
